aea_plant_id,plant_name,intertie_id,generator_id,prime_mover,primary_fuel,other_fuel,capacity_mw,status
P1,Agrium Kenai Nitrogen Operations,215-1985,744A,GT,NG,,2.5,OS
P1,Agrium Kenai Nitrogen Operations,215-1985,744B,GT,NG,,2.5,OS
P1,Agrium Kenai Nitrogen Operations,215-1985,744C,GT,NG,,2.5,OS
P1,Agrium Kenai Nitrogen Operations,215-1985,744D,GT,NG,,2.5,OS
P1,Agrium Kenai Nitrogen Operations,215-1985,744E,GT,NG,,2.5,OS
P1,Agrium Kenai Nitrogen Operations,215-1985,644A,IC,NG,,1.3,RE
P1,Agrium Kenai Nitrogen Operations,215-1985,644B,IC,NG,,1.3,RE
P1,Agrium Kenai Nitrogen Operations,215-1985,644C,IC,NG,,1.3,RE
P1,Agrium Kenai Nitrogen Operations,215-1985,644D,IC,NG,,1.3,RE
P1,Agrium Kenai Nitrogen Operations,215-1985,644E,IC,NG,,1.3,RE
P1,Agrium Kenai Nitrogen Operations,215-1985,644F,IC,NG,,1.3,RE
P1,Agrium Kenai Nitrogen Operations,215-1985,644G,IC,NG,,1.3,RE
P10,Lake Dorothy Hydroelectric Project,222-0000,1,HY,WAT,,14.3,OP
P100,Karluk,092-0000,1,IC,DFO,,0.08,OP
P100,Karluk,092-0000,2,IC,DFO,,0.12,OP
P101,Anchorage 1,215-1985,3R,GT,NG,,48.9,OP
P101,Anchorage 1,215-1985,4,GT,NG,DFO,27.0,OS
P101,Anchorage 1,215-1985,1,GT,NG,DFO,12.5,RE
P101,Anchorage 1,215-1985,2,GT,NG,DFO,12.5,RE
P101,Anchorage 1,215-1985,3,GT,NG,DFO,16.3,RE
P101,Anchorage 1,215-1985,P1 BS,IC,DFO,,2.0,OP
P101,Anchorage 1,215-1985,D1,IC,DFO,,1.1,RE
P101,Anchorage 1,215-1985,D2,IC,DFO,,1.1,RE
P102,Eklutna Hydro Project,215-1985,1,HY,WAT,,22.2,OP
P102,Eklutna Hydro Project,215-1985,2,HY,WAT,,22.2,OP
P103,George M Sullivan Generation Plant 2,215-1985,11,CA,NG,,30.9,OP
P103,George M Sullivan Generation Plant 2,215-1985,6,CA,NG,,33.0,RE
P103,George M Sullivan Generation Plant 2,215-1985,10,CT,NG,,60.4,OP
P103,George M Sullivan Generation Plant 2,215-1985,9,CT,NG,,60.4,OP
P103,George M Sullivan Generation Plant 2,215-1985,5,CT,NG,DFO,38.1,RE
P103,George M Sullivan Generation Plant 2,215-1985,7,GT,NG,DFO,102.6,OP
P103,George M Sullivan Generation Plant 2,215-1985,GT8,GT,NG,,92.6,SB
P105,Aniak,093-0000,1,IC,DFO,,0.5,OP
P105,Aniak,093-0000,10,IC,DFO,,0.6,OP
P105,Aniak,093-0000,11,IC,DFO,,0.5,OP
P105,Aniak,093-0000,9,IC,DFO,,0.6,OP
P105,Aniak,093-0000,3,IC,DFO,,0.3,RE
P105,Aniak,093-0000,4,IC,DFO,,0.3,RE
P105,Aniak,093-0000,5,IC,DFO,,0.3,RE
P106,Arctic Village,094-0000,4,IC,DFO,,0.065,OP
P106,Arctic Village,094-0000,2,IC,DFO,,0.1,OP
P106,Arctic Village,094-0000,1,IC,DFO,,0.13,OP
P106,Arctic Village,094-0000,3,IC,DFO,,0.1,OS
P107,Atka,095-0000,,HY,WAT,,0.284,OP
P107,Atka,095-0000,1,IC,DFO,,0.11,OP
P107,Atka,095-0000,2,IC,DFO,,0.11,OP
P107,Atka,095-0000,3,IC,DFO,,0.037,OS
P108,Atmautluak,096-0000,1,IC,DFO,,0.276,OP
P108,Atmautluak,096-0000,2,IC,DFO,,0.276,OP
P108,Atmautluak,096-0000,3,IC,DFO,,0.276,OP
P108,Atmautluak,096-0000,4,IC,DFO,,0.276,OP
P109,Aurora Energy LLC Chena,215-1985,1,ST,SUB,,5.0,OP
P109,Aurora Energy LLC Chena,215-1985,2,ST,SUB,,2.5,OP
P109,Aurora Energy LLC Chena,215-1985,5,ST,SUB,,20.0,OP
P109,Aurora Energy LLC Chena,215-1985,3,ST,SUB,,1.5,RE
P109,Aurora Energy LLC Chena,215-1985,7,ST,SUB,,2.3,IP
P11,Lemon Creek,222-0000,5,GT,DFO,,18.6,SB
P11,Lemon Creek,222-0000,6,GT,DFO,,18.6,SB
P11,Lemon Creek,222-0000,1,IC,DFO,,2.5,SB
P11,Lemon Creek,222-0000,2,IC,DFO,,2.6,SB
P11,Lemon Creek,222-0000,3,IC,DFO,,2.6,SB
P11,Lemon Creek,222-0000,7,IC,DFO,,2.8,SB
P11,Lemon Creek,222-0000,IC10,IC,DFO,,2.8,SB
P11,Lemon Creek,222-0000,IC11,IC,DFO,,2.8,SB
P11,Lemon Creek,222-0000,IC12,IC,DFO,,2.8,SB
P11,Lemon Creek,222-0000,IC8,IC,DFO,,2.8,SB
P11,Lemon Creek,222-0000,IC9,IC,DFO,,2.8,SB
P110,Barrow,221-0000,11,GT,NG,,4.8,OP
P110,Barrow,221-0000,12,GT,NG,DFO,5.0,OP
P110,Barrow,221-0000,6,GT,NG,DFO,2.5,OP
P110,Barrow,221-0000,7,GT,NG,DFO,2.5,OP
P110,Barrow,221-0000,8,GT,NG,DFO,2.5,OP
P110,Barrow,221-0000,10,IC,NG,,1.5,OS
P110,Barrow,221-0000,9,IC,NG,,1.5,OS
P111,Beaver,097-0000,1,IC,DFO,,0.11,OP
P111,Beaver,097-0000,2,IC,DFO,,0.105,OP
P111,Beaver,097-0000,3,IC,DFO,,0.105,OP
P113,Buckland,099-0000,,BA,MWH,,0.277,OP
P113,Buckland,099-0000,1,IC,DFO,,0.476,OP
P113,Buckland,099-0000,2,IC,DFO,,0.476,OP
P113,Buckland,099-0000,3,IC,DFO,,0.2,OP
P113,Buckland,099-0000,,PV,SUN,,0.046,OP
P113,Buckland,099-0000,,WT,WND,,0.2,OP
P114,Chalkyitsik,100-0000,1,IC,DFO,,0.11,OS
P114,Chalkyitsik,100-0000,2,IC,DFO,,0.117,OP
P114,Chalkyitsik,100-0000,3,IC,DFO,,0.1,OP
P115,Chenega Bay,101-0000,2,IC,DFO,,0.076,OP
P115,Chenega Bay,101-0000,2,IC,DFO,,0.076,OP
P115,Chenega Bay,101-0000,1,IC,DFO,,0.105,OP
P115,Chenega Bay,101-0000,1,IC,DFO,,0.105,OP
P115,Chenega Bay,101-0000,3,IC,DFO,,0.125,OP
P116,Chignik Lagoon,102-0000,,HY,WND,,0.167,OP
P116,Chignik Lagoon,102-0000,1,IC,DFO,,0.148,OP
P116,Chignik Lagoon,102-0000,2,IC,DFO,,0.16,OP
P116,Chignik Lagoon,102-0000,3,IC,DFO,,0.185,OP
P117,Chignik Lake,103-0000,2,IC,DFO,,0.11,OS
P117,Chignik Lake,103-0000,3,IC,DFO,,0.11,OP
P117,Chignik Lake,103-0000,1,IC,DFO,,0.15,OS
P117,Chignik Lake,103-0000,4,IC,DFO,,0.065,OP
P118,Chignik Bay,104-0000,,HY,WAT,,0.06,OP
P118,Chignik Bay,104-0000,1,IC,DFO,,0.229,OP
P118,Chignik Bay,104-0000,2,IC,DFO,,0.229,OP
P118,Chignik Bay,104-0000,3,IC,DFO,,0.117,OP
P119,Chitina,105-0000,1,IC,DFO,,0.117,OS
P119,Chitina,105-0000,2,IC,DFO,,0.117,OP
P119,Chitina,105-0000,3,IC,DFO,,0.117,OP
P12,Salmon Creek 1,222-0000,HY7,HY,WAT,,8.5,OP
P120,Beluga,215-1985,8,CA,NG,,62.0,RE
P120,Beluga,215-1985,1,GT,NG,,16.0,OP
P120,Beluga,215-1985,2,GT,NG,,16.0,OS
P120,Beluga,215-1985,3,GT,NG,,59.1,OP
P120,Beluga,215-1985,5,GT,NG,,68.3,OP
P120,Beluga,215-1985,6,GT,NG,,76.5,OS
P120,Beluga,215-1985,7,GT,NG,,76.5,OP
P121,Cooper Lake,215-1985,1,HY,WAT,,9.7,OP
P121,Cooper Lake,215-1985,2,HY,WAT,,9.7,OP
P122,International,215-1985,1,GT,NG,,15.0,OS
P122,International,215-1985,2,GT,NG,,15.0,RE
P122,International,215-1985,3,GT,NG,,16.3,RE
P123,Southcentral Power Project,215-1985,4,CA,NG,,57.5,OP
P123,Southcentral Power Project,215-1985,1,CT,NG,,48.8,OP
P123,Southcentral Power Project,215-1985,2,CT,NG,,48.8,OP
P123,Southcentral Power Project,215-1985,3,CT,NG,,48.8,OP
P124,Circle,106-0000,3,IC,DFO,,0.09,OP
P124,Circle,106-0000,1,IC,DFO,,0.1,OP
P124,Circle,106-0000,2,IC,DFO,,0.1,OP
P125,Clark's Point,107-0000,1,IC,DFO,,0.1698,OP
P125,Clark's Point,107-0000,2,IC,DFO,,0.09,OP
P125,Clark's Point,107-0000,3,IC,DFO,,0.09,OP
P126,Allison Creek Hydro,216-1982,GEN1,HY,WAT,,6.5,OP
P127,Glennallen,216-1982,6,IC,DFO,,2.6,OP
P127,Glennallen,216-1982,7,IC,DFO,,2.6,OP
P127,Glennallen,216-1982,8,IC,DFO,,1.2,OP
P127,Glennallen,216-1982,9,IC,DFO,,2.8,OP
P127,Glennallen,216-1982,1,IC,DFO,,0.3,RE
P127,Glennallen,216-1982,2,IC,DFO,,0.3,RE
P127,Glennallen,216-1982,3,IC,DFO,,0.5,RE
P127,Glennallen,216-1982,4,IC,DFO,,0.5,RE
P127,Glennallen,216-1982,5,IC,DFO,,0.5,RE
P128,Solomon Gulch,216-1982,1,HY,WAT,,6.0,OP
P128,Solomon Gulch,216-1982,2,HY,WAT,,6.0,OP
P129,Valdez,216-1982,7,GT,DFO,,2.8,RE
P129,Valdez,216-1982,11,IC,DFO,,1.6,OP
P129,Valdez,216-1982,12,IC,DFO,,1.6,OP
P129,Valdez,216-1982,4,IC,DFO,,1.9,OP
P129,Valdez,216-1982,5,IC,DFO,,2.6,OP
P129,Valdez,216-1982,6,IC,DFO,,0.9,OP
P129,Valdez,216-1982,1,IC,DFO,,0.5,RE
P129,Valdez,216-1982,2,IC,DFO,,0.5,RE
P129,Valdez,216-1982,3,IC,DFO,,0.5,RE
P13,Snettisham,222-0000,1,HY,WAT,,23.6,OP
P13,Snettisham,222-0000,2,HY,WAT,,23.6,OP
P13,Snettisham,222-0000,3,HY,WAT,,31.0,OP
P130,Valdez Cogen,216-1982,1,GT,WO,,5.3,OP
P131,Eyak Service Center BESS,014-1990,BESS1,BA,MWH,,1.0,OP
P132,Humpback Creek,014-1990,1,HY,WAT,,0.5,OP
P132,Humpback Creek,014-1990,2,HY,WAT,,0.5,OP
P132,Humpback Creek,014-1990,3,HY,WAT,,0.2,OP
P133,Orca,014-1990,3,IC,DFO,,2.5,OP
P133,Orca,014-1990,4,IC,DFO,,2.4,OP
P133,Orca,014-1990,5,IC,DFO,,1.1,OP
P133,Orca,014-1990,6,IC,DFO,,1.1,OP
P133,Orca,014-1990,7,IC,DFO,,3.6,OP
P134,Power Creek,014-1990,4,HY,WAT,,3.0,OP
P134,Power Creek,014-1990,5,HY,WAT,,3.0,OP
P135,Diomede,110-0000,1,IC,DFO,,0.179,OP
P135,Diomede,110-0000,2,IC,DFO,,0.179,OS
P135,Diomede,110-0000,3,IC,DFO,,0.15,OS
P136,Fort Greely Power Plant,215-1985,EN-4,IC,DFO,,1.2,SB
P136,Fort Greely Power Plant,215-1985,EN-5,IC,DFO,,1.2,SB
P136,Fort Greely Power Plant,215-1985,EN-6,IC,DFO,,2.5,SB
P136,Fort Greely Power Plant,215-1985,EN-7,IC,DFO,,2.5,SB
P136,Fort Greely Power Plant,215-1985,EN-1,IC,DFO,,1.0,RE
P136,Fort Greely Power Plant,215-1985,EN-2,IC,DFO,,1.0,RE
P136,Fort Greely Power Plant,215-1985,EN-3,IC,DFO,,1.0,RE
P137,Utility Plants Section,215-1985,GEN1,ST,SUB,,5.0,OP
P137,Utility Plants Section,215-1985,GEN3,ST,SUB,,5.0,OP
P137,Utility Plants Section,215-1985,GEN4,ST,SUB,,5.0,OP
P137,Utility Plants Section,215-1985,GEN5,ST,SUB,,5.0,OP
P137,Utility Plants Section,215-1985,GEN2,ST,SUB,,2.5,RE
P138,JBER Landfill Gas Power Plant,215-1985,1,IC,LFG,NG,2.3,OP
P138,JBER Landfill Gas Power Plant,215-1985,2,IC,LFG,NG,2.3,OP
P138,JBER Landfill Gas Power Plant,215-1985,3,IC,LFG,NG,2.3,OP
P138,JBER Landfill Gas Power Plant,215-1985,4,IC,LFG,NG,2.3,OP
P138,JBER Landfill Gas Power Plant,215-1985,5,IC,LFG,NG,2.3,OP
P139,Egegik,111-0000,1,IC,DFO,,0.2,OP
P139,Egegik,111-0000,2,IC,DFO,,0.4,OP
P139,Egegik,111-0000,3,IC,DFO,,0.2,OP
P139,Egegik,111-0000,4,IC,DFO,,0.2,OP
P14,Delta Wind Farm,215-1985,EWT1,WT,WND,,0.9,OP
P14,Delta Wind Farm,215-1985,EWT2,WT,WND,,0.9,OP
P14,Delta Wind Farm,215-1985,NW1,WT,WND,,0.1,OP
P142,Fire Island Wind,215-1985,WT1,WT,WND,,18.0,OP
P144,Galena Electric Utility,115-0000,1A,IC,DFO,,0.8,OP
P144,Galena Electric Utility,115-0000,2A,IC,DFO,,0.5,OP
P144,Galena Electric Utility,115-0000,3A,IC,DFO,,0.8,OP
P144,Galena Electric Utility,115-0000,4A,IC,DFO,,1.0,OP
P144,Galena Electric Utility,115-0000,5A,IC,DFO,,0.8,OP
P144,Galena Electric Utility,115-0000,2,IC,DFO,,0.8,RE
P144,Galena Electric Utility,115-0000,3,IC,DFO,,0.8,RE
P144,Galena Electric Utility,115-0000,4,IC,DFO,,0.8,RE
P144,Galena Electric Utility,115-0000,5,IC,DFO,,0.8,RE
P144,Galena Electric Utility,115-0000,6,IC,DFO,,0.5,RE
P144,Galena Electric Utility,115-0000,6A,IC,DFO,,0.4,RE
P145,Central,116-0000,2,IC,DFO,,0.1,OP
P145,Central,116-0000,3,IC,DFO,,0.145,OP
P145,Central,116-0000,1,IC,DFO,,0.1,OP
P146,Battery Energy Storage System,215-1985,BESS,BA,MWH,,40.0,OP
P147,Delta Power,215-1985,6,GT,DFO,,23.1,SB
P148,Eva Creek Wind,215-1985,EVW,WT,WND,,24.6,OP
P149,Fairbanks,215-1985,GT1,GT,DFO,,18.4,OP
P149,Fairbanks,215-1985,GT2,GT,DFO,,18.4,OP
P149,Fairbanks,215-1985,5,IC,DFO,,2.7,SB
P149,Fairbanks,215-1985,6,IC,DFO,,2.7,SB
P15,Black Bear Lake,023-2015,1,HY,WAT,,4.5,OP
P150,Healy,215-1985,IC1,IC,DFO,,2.8,OP
P150,Healy,215-1985,1,ST,LIG,WC,28.0,OP
P150,Healy,215-1985,2,ST,LIG,WC,62.0,OP
P151,North Pole,215-1985,STG1,CA,WO,DFO,13.0,OP
P151,North Pole,215-1985,GT3,CT,WO,DFO,47.0,OP
P151,North Pole,215-1985,1,GT,DFO,,60.5,OP
P151,North Pole,215-1985,2,GT,DFO,,60.5,OP
P152,GVEA Solar Farm,215-1985,,PV,SUN,,0.5630000000000001,OP
P153,Golovin,117-0000,1,IC,DFO,,0.18,OP
P153,Golovin,117-0000,2,IC,DFO,,0.18,OP
P153,Golovin,117-0000,3,IC,DFO,,0.18,OP
P153,Golovin,117-0000,4,IC,DFO,,0.15,OP
P154,Gwitchyaa Zhee,119-0000,10,IC,DFO,,0.4,OP
P154,Gwitchyaa Zhee,119-0000,7,IC,DFO,,1.0,OP
P154,Gwitchyaa Zhee,119-0000,8,IC,DFO,,1.0,OP
P154,Gwitchyaa Zhee,119-0000,9,IC,DFO,,0.4,OP
P154,Gwitchyaa Zhee,119-0000,1,IC,DFO,,0.6,RE
P154,Gwitchyaa Zhee,119-0000,2A,IC,DFO,,0.5,RE
P154,Gwitchyaa Zhee,119-0000,3,IC,DFO,,0.6,RE
P154,Gwitchyaa Zhee,119-0000,4A,IC,DFO,,0.5,RE
P154,Gwitchyaa Zhee,119-0000,5,IC,DFO,,0.5,RE
P154,Gwitchyaa Zhee,119-0000,6,IC,DFO,,0.5,RE
P155,Bernice Lake,215-1985,2,GT,NG,,20.7,OP
P155,Bernice Lake,215-1985,3,GT,NG,,28.8,OP
P155,Bernice Lake,215-1985,4,GT,NG,,27.2,OP
P156,Bradley Lake,215-1985,1,HY,WAT,,63.0,OP
P156,Bradley Lake,215-1985,2,HY,WAT,,63.0,OP
P157,Nikiski Co-Generation,215-1985,ST1,CA,NG,,40.0,OP
P157,Nikiski Co-Generation,215-1985,GT1,CT,NG,,40.8,OP
P158,Seldovia,215-1985,5,IC,DFO,,1.2,OP
P158,Seldovia,215-1985,7,IC,DFO,,1.0,OP
P158,Seldovia,215-1985,1,IC,DFO,,0.3,RE
P158,Seldovia,215-1985,2,IC,DFO,,0.6,RE
P158,Seldovia,215-1985,3,IC,DFO,,0.6,RE
P158,Seldovia,215-1985,4,IC,DFO,,0.6,RE
P158,Seldovia,215-1985,6,IC,DFO,,1.2,RE
P159,Soldotna,215-1985,3,BA,MWH,,46.5,OP
P159,Soldotna,215-1985,1,GT,NG,,50.0,OP
P159,Soldotna,215-1985,2,GT,NG,,50.0,IP
P16,Goat Lake Hydro,032-1998,1,HY,WAT,,4.0,OP
P160,Hughes,120-0000,,BA,MWH,,0.25,OP
P160,Hughes,120-0000,3,IC,DFO,,0.037,OS
P160,Hughes,120-0000,2,IC,DFO,,0.078,OP
P160,Hughes,120-0000,1,IC,DFO,,0.078,OP
P160,Hughes,120-0000,4,IC,DFO,,0.185,OP
P160,Hughes,120-0000,,PV,SUN,,0.12,OP
P161,Igiugig,121-0000,,BA,MWH,,0.125,OP
P161,Igiugig,121-0000,,HA,WAT,,0.035,OP
P161,Igiugig,121-0000,1,IC,DFO,,0.067,OP
P161,Igiugig,121-0000,3,IC,DFO,,0.067,OP
P161,Igiugig,121-0000,2,IC,DFO,,0.067,OS
P162,Newhalen,123-1983,H-1,HY,WAT,,0.4,OP
P162,Newhalen,123-1983,H-2,HY,WAT,,0.4,OP
P162,Newhalen,123-1983,5,IC,DFO,,0.3,OP
P162,Newhalen,123-1983,6,IC,DFO,,0.3,OP
P162,Newhalen,123-1983,7,IC,DFO,,0.3,OP
P162,Newhalen,123-1983,1,IC,DFO,,0.3,RE
P162,Newhalen,123-1983,2,IC,DFO,,0.3,RE
P162,Newhalen,123-1983,3,IC,DFO,,0.3,RE
P162,Newhalen,123-1983,4,IC,DFO,,0.6,RE
P163,Angoon,125-0000,1A,IC,DFO,JF,0.5,OP
P163,Angoon,125-0000,2A,IC,DFO,JF,0.5,OP
P163,Angoon,125-0000,3,IC,DFO,JF,0.5,OP
P163,Angoon,125-0000,1,IC,DFO,,0.4,RE
P164,Hoonah,128-0000,,HY,WAT,,0.45,OP
P164,Hoonah,128-0000,2A,IC,DFO,JF,1.0,OP
P164,Hoonah,128-0000,3A,IC,DFO,JF,0.5,OP
P164,Hoonah,128-0000,4,IC,DFO,JF,0.5,OP
P164,Hoonah,128-0000,1,IC,DFO,,0.6,RE
P164,Hoonah,128-0000,3,IC,DFO,,0.8,RE
P165,Kake,129-0000,,HY,WAT,,0.5,OP
P165,Kake,129-0000,1B,IC,DFO,JF,0.5,OP
P165,Kake,129-0000,2,IC,DFO,JF,1.1,OP
P165,Kake,129-0000,2A,IC,DFO,JF,0.5,OP
P165,Kake,129-0000,3B,IC,DFO,JF,0.5,OP
P165,Kake,129-0000,4,IC,DFO,JF,0.5,OP
P165,Kake,129-0000,1,IC,DFO,,0.6,RE
P165,Kake,129-0000,1A,IC,DFO,JF,0.5,RE
P165,Kake,129-0000,3A,IC,DFO,JF,0.8,RE
P166,Chilkat Valley,032-1998,,HY,WAT,,0.55,OP
P169,Deering,130-0000,,BA,MWH,,0.277,OP
P169,Deering,130-0000,4,IC,DFO,,0.17,OP
P169,Deering,130-0000,1,IC,DFO,,0.0,OS
P169,Deering,130-0000,3,IC,DFO,,0.0,OP
P169,Deering,130-0000,2,IC,DFO,,0.2,OS
P169,Deering,130-0000,,PV,SUN,,0.0485,OP
P169,Deering,130-0000,,WT,WND,,0.1,OP
P17,Kasidaya Creek Hydro,032-1998,1,HY,WAT,,3.0,OP
P171,Beaver Falls,217-2009,1,HY,WAT,,1.0,OP
P171,Beaver Falls,217-2009,3,HY,WAT,,2.2,OP
P171,Beaver Falls,217-2009,4,HY,WAT,,2.2,OP
P172,Ketchikan,217-2009,3,HY,WAT,,1.4,OP
P172,Ketchikan,217-2009,4,HY,WAT,,1.4,OP
P172,Ketchikan,217-2009,5,HY,WAT,,1.4,OP
P173,S W Bailey,217-2009,1,IC,DFO,,4.5,OP
P173,S W Bailey,217-2009,2,IC,DFO,,4.5,OP
P173,S W Bailey,217-2009,3,IC,DFO,,6.4,OP
P173,S W Bailey,217-2009,4,IC,DFO,,10.5,OP
P174,Silvis,217-2009,1,HY,WAT,,2.1,OP
P175,Swan Lake,217-2009,1,HY,WAT,,11.3,OP
P175,Swan Lake,217-2009,2,HY,WAT,,11.3,OP
P176,Whitman,217-2009,WPG-1,HY,WAT,,3.9,OP
P176,Whitman,217-2009,WPG-2,HY,WAT,,0.9,OP
P177,King Cove,131-0000,,HY,WAT,,0.4,OP
P177,King Cove,131-0000,4,HY,WAT,,0.8,OP
P177,King Cove,131-0000,1,IC,DFO,,0.3,OP
P177,King Cove,131-0000,2,IC,DFO,,0.5,OP
P177,King Cove,131-0000,3,IC,DFO,,0.7,OP
P177,King Cove,131-0000,5,IC,DFO,,0.3,OP
P178,Kipnuk,132-0000,1,IC,DFO,,0.47,OS
P178,Kipnuk,132-0000,2,IC,DFO,,0.47,OP
P178,Kipnuk,132-0000,3,IC,DFO,,0.47,OP
P178,Kipnuk,132-0000,,WT,WND,,0.5700000000000001,OP
P179,Kobuk,149-1980,1,IC,DFO,,0.18,OP
P18,South Fork,023-2015,1,HY,WAT,,2.0,OP
P180,ESS Battery Microgrid,223-0000,1,BA,MWH,,3.0,OP
P181,Flywheel Energy Storage System Microgrid,223-0000,FESS,FW,MWH,,2.0,OP
P182,Kodiak Microgrid,223-0000,1,IC,DFO,,2.5,OP
P182,Kodiak Microgrid,223-0000,2c,IC,DFO,,4.4,OP
P182,Kodiak Microgrid,223-0000,3c,IC,DFO,,4.4,OP
P182,Kodiak Microgrid,223-0000,4,IC,DFO,,7.0,OP
P182,Kodiak Microgrid,223-0000,2,IC,DFO,,5.2,RE
P182,Kodiak Microgrid,223-0000,3,IC,DFO,,5.2,RE
P182,Kodiak Microgrid,223-0000,6,IC,DFO,,2.0,RE
P182,Kodiak Microgrid,223-0000,7,IC,DFO,,2.0,RE
P182,Kodiak Microgrid,223-0000,8,IC,DFO,,2.6,RE
P182,Kodiak Microgrid,223-0000,9,IC,DFO,,2.0,RE
P183,Nymans Plant Microgrid,223-0000,1,IC,DFO,,2.5,OP
P183,Nymans Plant Microgrid,223-0000,2,IC,DFO,,7.5,OP
P184,Pillar Mountain Wind Project Microgrid,223-0000,1,WT,WND,,4.5,OP
P184,Pillar Mountain Wind Project Microgrid,223-0000,2,WT,WND,,4.5,OP
P185,Port Lions Microgrid,223-0000,5,IC,DFO,,0.5,OP
P185,Port Lions Microgrid,223-0000,1,IC,DFO,,0.3,RE
P185,Port Lions Microgrid,223-0000,2,IC,DFO,,0.3,RE
P185,Port Lions Microgrid,223-0000,3,IC,DFO,,0.2,RE
P185,Port Lions Microgrid,223-0000,4,IC,DFO,,0.2,RE
P186,Swampy Acres Microgrid,223-0000,13,IC,DFO,,4.4,OP
P186,Swampy Acres Microgrid,223-0000,6A,IC,DFO,,2.0,OP
P186,Swampy Acres Microgrid,223-0000,7A,IC,DFO,,2.0,OP
P187,Terror Lake Microgrid,223-0000,1,HY,WAT,,11.2,OP
P187,Terror Lake Microgrid,223-0000,2,HY,WAT,,11.2,OP
P187,Terror Lake Microgrid,223-0000,3,HY,WAT,,11.2,OP
P188,Kokhanok,134-0000,1,IC,DFO,,0.07,OP
P188,Kokhanok,134-0000,2,IC,DFO,,0.185,OP
P188,Kokhanok,134-0000,3,IC,DFO,,0.21,OP
P188,Kokhanok,134-0000,4,IC,DFO,,0.117,OP
P188,Kokhanok,134-0000,,WT,WND,,0.19,OP
P189,Kotzebue,135-0000,ES1,BA,MWH,,1.2,OP
P189,Kotzebue,135-0000,10,IC,DFO,,3.0,OP
P189,Kotzebue,135-0000,14,IC,DFO,,2.8,OP
P189,Kotzebue,135-0000,15,IC,DFO,,2.8,OP
P189,Kotzebue,135-0000,16,IC,DFO,,1.4,OP
P189,Kotzebue,135-0000,17,IC,DFO,,0.7,OP
P189,Kotzebue,135-0000,7A,IC,DFO,,1.1,OP
P189,Kotzebue,135-0000,11,IC,DFO,,1.0,RE
P189,Kotzebue,135-0000,12,IC,DFO,,1.0,RE
P189,Kotzebue,135-0000,9,IC,DFO,,2.1,RE
P189,Kotzebue,135-0000,PV1,PV,SUN,,0.1,OP
P189,Kotzebue,135-0000,PV2,PV,SUN,,0.1,OP
P189,Kotzebue,135-0000,PV3,PV,SUN,,0.1,OP
P189,Kotzebue,135-0000,PV4,PV,SUN,,0.1,OP
P189,Kotzebue,135-0000,PV5,PV,SUN,,0.1,OP
P189,Kotzebue,135-0000,PV6,PV,SUN,,0.1,OP
P189,Kotzebue,135-0000,PV7,PV,SUN,,0.1,OP
P189,Kotzebue,135-0000,PV8,PV,SUN,,0.1,OP
P189,Kotzebue,135-0000,11wt,WT,WND,,0.1,OP
P189,Kotzebue,135-0000,13WT,WT,WND,,0.1,OP
P189,Kotzebue,135-0000,14wt,WT,WND,,0.1,OP
P189,Kotzebue,135-0000,15WT,WT,WND,,0.1,OP
P189,Kotzebue,135-0000,16WT,WT,WND,,0.1,OP
P189,Kotzebue,135-0000,17WT,WT,WND,,0.1,OP
P189,Kotzebue,135-0000,18WT,WT,WND,,0.9,OP
P189,Kotzebue,135-0000,19WT,WT,WND,,0.9,OP
P189,Kotzebue,135-0000,1WT,WT,WND,,0.6,OP
P189,Kotzebue,135-0000,2WT,WT,WND,,0.1,OP
P189,Kotzebue,135-0000,3WT,WT,WND,,0.2,OP
P189,Kotzebue,135-0000,10wt,WT,WND,,0.1,RE
P189,Kotzebue,135-0000,12wt,WT,WND,,0.1,RE
P189,Kotzebue,135-0000,4WT,WT,WND,,0.5,RE
P189,Kotzebue,135-0000,5WT,WT,WND,,0.1,RE
P189,Kotzebue,135-0000,6WT,WT,WND,,0.1,RE
P189,Kotzebue,135-0000,7WT,WT,WND,,0.1,RE
P189,Kotzebue,135-0000,8WT,WT,WND,,0.1,RE
P189,Kotzebue,135-0000,9wt,WT,WND,,0.1,RE
P19,Viking,023-2015,1,IC,DFO,,1.0,OS
P190,Koyukuk,136-0000,1,IC,DFO,,0.064,OP
P190,Koyukuk,136-0000,3,IC,DFO,,0.037,OS
P190,Koyukuk,136-0000,2,IC,DFO,,0.0,OP
P190,Koyukuk,136-0000,4,IC,DFO,,0.037,OS
P191,Kwethluk,137-0000,2,IC,DFO,,0.41,OP
P191,Kwethluk,137-0000,3,IC,DFO,,0.28,OS
P191,Kwethluk,137-0000,1,IC,DFO,,0.41,OP
P192,Kwigillingok,138-0000,,BA,MWH,,0.295,OP
P192,Kwigillingok,138-0000,1,IC,DFO,,0.168,OS
P192,Kwigillingok,138-0000,2,IC,DFO,,0.25,OS
P192,Kwigillingok,138-0000,3,IC,DFO,,0.23,OP
P192,Kwigillingok,138-0000,4,IC,DFO,,0.38,OP
P192,Kwigillingok,138-0000,,WT,WND,,0.475,OP
P193,Larsen Bay,139-0000,,HY,WAT,,0.475,OP
P194,Levelock,140-0000,1,IC,DFO,,0.1,OS
P194,Levelock,140-0000,2,IC,DFO,,0.067,OP
P194,Levelock,140-0000,3,IC,DFO,,0.067,OP
P195,Lime Village,141-0000,,PV,SUN,,0.012,OS
P196,Manokotak,142-0000,1,IC,DFO,,0.3,OP
P196,Manokotak,142-0000,2,IC,DFO,,0.3,OP
P197,Eklutna Generation Station,215-1985,EGS01,IC,NG,DFO,17.1,OP
P197,Eklutna Generation Station,215-1985,EGS02,IC,NG,DFO,17.1,OP
P197,Eklutna Generation Station,215-1985,EGS03,IC,NG,DFO,17.1,OP
P197,Eklutna Generation Station,215-1985,EGS04,IC,NG,DFO,17.1,OP
P197,Eklutna Generation Station,215-1985,EGS05,IC,NG,DFO,17.1,OP
P197,Eklutna Generation Station,215-1985,EGS06,IC,NG,DFO,17.1,OP
P197,Eklutna Generation Station,215-1985,EGS07,IC,NG,DFO,17.1,OP
P197,Eklutna Generation Station,215-1985,EGS08,IC,NG,DFO,17.1,OP
P197,Eklutna Generation Station,215-1985,EGS09,IC,NG,DFO,17.1,OP
P197,Eklutna Generation Station,215-1985,EGS10,IC,NG,DFO,17.1,OP
P198,McGrath,143-0000,11,IC,DFO,,0.4,OP
P198,McGrath,143-0000,12,IC,DFO,,0.4,OP
P198,McGrath,143-0000,13,IC,DFO,,0.4,OP
P198,McGrath,143-0000,14,IC,DFO,,0.4,OP
P198,McGrath,143-0000,3,IC,DFO,,0.2,RE
P198,McGrath,143-0000,3A,IC,DFO,,0.5,RE
P198,McGrath,143-0000,4,IC,DFO,,0.2,RE
P198,McGrath,143-0000,4A,IC,DFO,,0.5,RE
P198,McGrath,143-0000,5,IC,DFO,,0.6,RE
P198,McGrath,143-0000,6,IC,DFO,,0.6,RE
P198,McGrath,143-0000,7,IC,DFO,,0.6,RE
P199,Centennial,225_0000,,BA,MWH,,1.0,OP
P199,Centennial,225_0000,IC6,IC,DFO,,3.3,OP
P199,Centennial,225_0000,IC7,IC,DFO,,1.8,RE
P2,Akhiok,001-0000,1,IC,DFO,,0.125,OP
P2,Akhiok,001-0000,2,IC,DFO,,0.125,OP
P2,Akhiok,001-0000,3,IC,DFO,,0.09,OP
P20,Craig,023-2015,3A,IC,DFO,,1.6,RE
P20,Craig,023-2015,1,IC,DFO,,1.285,OP
P20,Craig,023-2015,1,IC,DFO,,1.285,OP
P20,Craig,023-2015,2,IC,DFO,,1.3,OP
P20,Craig,023-2015,3,IC,DFO,,1.18,OP
P20,Craig,023-2015,4,IC,DFO,,1.75,OP
P200,Chester Lake,225_0000,1,HY,WAT,,1.3,OP
P201,Purple Lake,225_0000,1,HY,WAT,,1.3,OP
P201,Purple Lake,225_0000,2,HY,WAT,,1.3,OP
P201,Purple Lake,225_0000,3,HY,WAT,,1.3,OP
P202,Chuathbaluk,144-0000,1,IC,DFO,,0.078,OP
P202,Chuathbaluk,144-0000,2,IC,DFO,,0.064,OP
P202,Chuathbaluk,144-0000,3,IC,DFO,,0.037,OS
P203,Crooked Creek,145-0000,1,IC,DFO,,0.095,OP
P203,Crooked Creek,145-0000,2,IC,DFO,,0.099,OP
P203,Crooked Creek,145-0000,3,IC,DFO,,0.08,OP
P205,Sleetmute,147-0000,1,IC,DFO,,0.11,OP
P205,Sleetmute,147-0000,2,IC,DFO,,0.085,OP
P205,Sleetmute,147-0000,3,IC,DFO,,0.064,OP
P205,Sleetmute,147-0000,4,IC,DFO,,0.064,OS
P206,Stony River,148-0000,1,IC,DFO,,0.064,OP
P206,Stony River,148-0000,2,IC,DFO,,0.037,OP
P206,Stony River,148-0000,3,IC,DFO,,0.037,OP
P207,Naknek,150-0000,4A,IC,DFO,,1.3,OP
P207,Naknek,150-0000,5A,IC,DFO,,1.0,OP
P207,Naknek,150-0000,6A,IC,DFO,,1.0,OP
P207,Naknek,150-0000,7A,IC,DFO,,1.0,OP
P207,Naknek,150-0000,8,IC,DFO,,1.0,OP
P207,Naknek,150-0000,NA1,IC,DFO,,1.1,OP
P207,Naknek,150-0000,NA2,IC,DFO,,1.1,OP
P207,Naknek,150-0000,NA3,IC,DFO,,0.8,OP
P207,Naknek,150-0000,NA4,IC,DFO,,0.8,OP
P207,Naknek,150-0000,NA5,IC,DFO,,0.8,OP
P207,Naknek,150-0000,NA6,IC,DFO,,3.3,OP
P207,Naknek,150-0000,NA7,IC,DFO,,3.3,OP
P207,Naknek,150-0000,5,IC,DFO,,0.4,RE
P207,Naknek,150-0000,6,IC,DFO,,0.4,RE
P207,Naknek,150-0000,7,IC,DFO,,0.4,RE
P208,Napakiak,034-1988,1,IC,DFO,,0.25,OP
P209,Napaskiak,153-0000,1,IC,DFO,,0.2,OS
P209,Napaskiak,153-0000,2,IC,DFO,,0.117,OP
P209,Napaskiak,153-0000,3,IC,DFO,,0.25,OS
P21,False Island,023-2015,1,IC,DFO,,1.3,OP
P21,False Island,023-2015,3,IC,DFO,,0.3,RE
P210,Chefornak,154-0000,1,IC,DFO,,0.371,OP
P210,Chefornak,154-0000,2,IC,DFO,,0.371,OP
P210,Chefornak,154-0000,3,IC,DFO,,0.179,OP
P210,Chefornak,154-0000,,WT,WND,,0.285,OP
P211,Perryville,155-0000,1,IC,DFO,,0.276,OP
P211,Perryville,155-0000,2,IC,DFO,,0.099,OP
P211,Perryville,155-0000,3,IC,DFO,,0.099,OP
P211,Perryville,155-0000,,WT,WND,,0.0239999999999999,OP
P212,Nelson Lagoon,156-0000,3,IC,DFO,,0.05,OP
P212,Nelson Lagoon,156-0000,3,IC,DFO,,0.05,OP
P212,Nelson Lagoon,156-0000,3,IC,DFO,,0.05,OP
P213,Koliganek,157-0000,1,IC,DFO,,0.15,OP
P213,Koliganek,157-0000,2,IC,DFO,,0.276,OP
P213,Koliganek,157-0000,3,IC,DFO,,0.276,OP
P214,Nikolai,158-0000,1,IC,DFO,,0.1,OP
P214,Nikolai,158-0000,2,IC,DFO,,0.1,OP
P214,Nikolai,158-0000,3,IC,DFO,,0.0,OS
P215,Snake River,159-0000,12,IC,DFO,,3.8,OP
P215,Snake River,159-0000,14,IC,DFO,,2.0,OP
P215,Snake River,159-0000,15,IC,DFO,,5.2,OP
P215,Snake River,159-0000,16,IC,DFO,,5.2,OP
P215,Snake River,159-0000,18,IC,DFO,,0.4,OP
P215,Snake River,159-0000,11,IC,DFO,,1.5,RE
P215,Snake River,159-0000,5,IC,DFO,,1.2,RE
P215,Snake River,159-0000,6,IC,DFO,,1.0,RE
P215,Snake River,159-0000,9,IC,DFO,,2.8,RE
P215,Snake River,159-0000,EWT 1,WT,WND,,0.9,OP
P215,Snake River,159-0000,EWT 2,WT,WND,,0.9,OP
P215,Snake River,159-0000,ENT,WT,WND,,0.8,RE
P216,Anaktuvuk Pass,160-0000,1,IC,DFO,,0.3,OP
P216,Anaktuvuk Pass,160-0000,2,IC,DFO,,0.3,OP
P216,Anaktuvuk Pass,160-0000,3,IC,DFO,,0.3,OP
P216,Anaktuvuk Pass,160-0000,6,IC,DFO,,0.9,OP
P216,Anaktuvuk Pass,160-0000,7,IC,DFO,,0.9,OP
P216,Anaktuvuk Pass,160-0000,4,IC,DFO,,0.1,RE
P216,Anaktuvuk Pass,160-0000,5,IC,DFO,,0.1,RE
P217,Atqasuk,161-0000,NA1,IC,DFO,,0.9,OP
P217,Atqasuk,161-0000,NA2,IC,DFO,,0.9,OP
P217,Atqasuk,161-0000,NA3,IC,DFO,,0.4,OP
P217,Atqasuk,161-0000,PG2,IC,DFO,,0.4,OP
P217,Atqasuk,161-0000,PG3,IC,DFO,,0.6,OP
P217,Atqasuk,161-0000,PG1,IC,DFO,,0.2,RE
P218,Kaktovik,162-0000,PG1A,IC,DFO,,0.9,OP
P218,Kaktovik,162-0000,PG2A,IC,DFO,,0.9,OP
P218,Kaktovik,162-0000,PG3A,IC,DFO,,0.4,OP
P218,Kaktovik,162-0000,PG4A,IC,DFO,,0.4,OP
P219,Nuiqsut,163-0000,PG1A,IC,DFO,,0.9,OP
P219,Nuiqsut,163-0000,PG2A,IC,DFO,,0.9,OP
P219,Nuiqsut,163-0000,PG3A,IC,DFO,,0.4,OP
P219,Nuiqsut,163-0000,PG3B,IC,NG,,0.6,OP
P219,Nuiqsut,163-0000,PG5A,IC,NG,,0.8,OP
P219,Nuiqsut,163-0000,PG6A,IC,NG,,0.8,OP
P219,Nuiqsut,163-0000,PG4A,IC,DFO,,0.4,RE
P22,Haines,032-1998,10,IC,DFO,,1.2,OP
P22,Haines,032-1998,11,IC,DFO,,1.9,OP
P22,Haines,032-1998,12,IC,DFO,,1.5,OP
P22,Haines,032-1998,5,IC,DFO,,0.6,OS
P22,Haines,032-1998,7A,IC,DFO,,2.8,OP
P22,Haines,032-1998,IC8A,IC,DFO,,1.6,OP
P22,Haines,032-1998,9,IC,DFO,,1.1,RE
P22,Haines,032-1998,1,IC,DFO,,0.298,OP
P22,Haines,032-1998,2,IC,DFO,,0.122,OP
P220,Point Hope,164-0000,PG1A,IC,DFO,,1.0,OP
P220,Point Hope,164-0000,PG6,IC,DFO,,0.6,OP
P220,Point Hope,164-0000,PG7,IC,DFO,,0.6,OP
P220,Point Hope,164-0000,PG8,IC,DFO,,0.9,OP
P220,Point Hope,164-0000,PG1,IC,DFO,,0.3,RE
P220,Point Hope,164-0000,PG2,IC,DFO,,0.3,RE
P220,Point Hope,164-0000,PG3,IC,DFO,,0.3,RE
P220,Point Hope,164-0000,PG4,IC,DFO,,0.4,RE
P220,Point Hope,164-0000,PG5,IC,DFO,,0.2,RE
P221,Point Lay,165-0000,PG10,IC,DFO,,0.6,OP
P221,Point Lay,165-0000,PG7,IC,DFO,,0.6,OP
P221,Point Lay,165-0000,PG8,IC,DFO,,0.6,OP
P221,Point Lay,165-0000,PG9,IC,DFO,,0.6,OP
P221,Point Lay,165-0000,PG1A,IC,DFO,,0.3,RE
P221,Point Lay,165-0000,PG2A,IC,DFO,,0.3,RE
P221,Point Lay,165-0000,PG3,IC,DFO,,0.2,RE
P221,Point Lay,165-0000,PG3A,IC,DFO,,0.3,RE
P221,Point Lay,165-0000,PG4,IC,DFO,,0.2,RE
P221,Point Lay,165-0000,PG4A,IC,DFO,,0.3,RE
P221,Point Lay,165-0000,PG5,IC,DFO,,0.3,RE
P221,Point Lay,165-0000,PG6,IC,DFO,,0.3,RE
P222,Wainwright,166-0000,PG1,IC,DFO,,0.4,OP
P222,Wainwright,166-0000,PG2,IC,DFO,,0.4,OP
P222,Wainwright,166-0000,PG3,IC,DFO,,0.4,OP
P222,Wainwright,166-0000,PG4A,IC,DFO,,0.9,OP
P222,Wainwright,166-0000,PG5,IC,DFO,,0.9,OP
P222,Wainwright,166-0000,PG4,IC,DFO,,0.3,RE
P223,Nunam Iqua,167-0000,1,IC,DFO,,0.21,OS
P223,Nunam Iqua,167-0000,2,IC,DFO,,0.21,OS
P223,Nunam Iqua,167-0000,3,IC,DFO,,0.21,OP
P223,Nunam Iqua,167-0000,4,IC,DFO,,0.21,OP
P223,Nunam Iqua,167-0000,1,IC,DFO,,0.21,OS
P223,Nunam Iqua,167-0000,2,IC,DFO,,0.21,OS
P223,Nunam Iqua,167-0000,3,IC,DFO,,0.21,OP
P223,Nunam Iqua,167-0000,4,IC,DFO,,0.21,OP
P224,Dillingham,169-0000,10,IC,DFO,,1.1,OP
P224,Dillingham,169-0000,11,IC,DFO,,1.0,OP
P224,Dillingham,169-0000,12,IC,DFO,,1.0,OP
P224,Dillingham,169-0000,13,IC,DFO,,1.0,OP
P224,Dillingham,169-0000,14,IC,DFO,,1.0,OP
P224,Dillingham,169-0000,15,IC,DFO,,1.0,OP
P224,Dillingham,169-0000,16,IC,DFO,,0.5,OP
P224,Dillingham,169-0000,17,IC,DFO,,2.2,OP
P224,Dillingham,169-0000,18,IC,DFO,,2.2,OP
P224,Dillingham,169-0000,3,IC,DFO,,0.3,RE
P224,Dillingham,169-0000,4,IC,DFO,,0.5,RE
P224,Dillingham,169-0000,5,IC,DFO,,0.7,RE
P224,Dillingham,169-0000,6,IC,DFO,,1.0,RE
P224,Dillingham,169-0000,8,IC,DFO,,0.8,RE
P224,Dillingham,169-0000,IC9,IC,DFO,,0.8,RE
P225,Ouzinkie,170-0000,,HY,WAT,,0.125,OP
P225,Ouzinkie,170-0000,1,IC,DFO,,0.045,OP
P225,Ouzinkie,170-0000,2,IC,DFO,,0.101,OP
P225,Ouzinkie,170-0000,3,IC,DFO,,0.19,OP
P227,Pedro Bay,171-0000,1,IC,DFO,,0.095,OP
P227,Pedro Bay,171-0000,2,IC,DFO,,0.062,OS
P227,Pedro Bay,171-0000,3,IC,DFO,,0.062,OS
P228,Pelican,172-0000,HC1,HY,WAT,,0.6,OP
P228,Pelican,172-0000,HC2,HY,WAT,,0.8,OP
P228,Pelican,172-0000,IC6,IC,DFO,,0.4,OP
P228,Pelican,172-0000,IC7,IC,DFO,,0.4,OP
P228,Pelican,172-0000,IC8,IC,DFO,,0.2,OP
P228,Pelican,172-0000,IC1,IC,DFO,,0.3,RE
P228,Pelican,172-0000,IC2,IC,DFO,,0.1,RE
P228,Pelican,172-0000,IC3,IC,DFO,,0.2,RE
P228,Pelican,172-0000,IC4,IC,DFO,,0.2,RE
P228,Pelican,172-0000,IC5,IC,DFO,,0.4,RE
P229,Blind Slough,217-2009,3,HY,WAT,,1.6,OP
P229,Blind Slough,217-2009,IC1,IC,DFO,,2.6,OP
P229,Blind Slough,217-2009,IC3,IC,DFO,,1.2,OP
P229,Blind Slough,217-2009,IC4,IC,DFO,,0.6,OP
P229,Blind Slough,217-2009,IC5,IC,DFO,,0.8,OP
P229,Blind Slough,217-2009,IC6,IC,DFO,,2.6,OP
P229,Blind Slough,217-2009,IC7,IC,DFO,,2.6,OP
P229,Blind Slough,217-2009,IC8,IC,DFO,,2.5,OP
P229,Blind Slough,217-2009,IC2,IC,DFO,,0.3,RE
P23,Hydaburg,023-2015,1,IC,DFO,,0.8,OP
P23,Hydaburg,023-2015,2,IC,DFO,,0.33,OP
P23,Hydaburg,023-2015,3,IC,DFO,,0.315,OP
P230,Pilot Point,173-0000,1,IC,DFO,,0.099,OP
P230,Pilot Point,173-0000,2,IC,DFO,,0.099,OP
P230,Pilot Point,173-0000,3,IC,DFO,,0.099,OS
P230,Pilot Point,173-0000,,WT,WND,,0.2,OS
P231,Platinum,174-0000,1,IC,DFO,,0.065,OS
P231,Platinum,174-0000,2,IC,DFO,,0.055,OP
P232,Port Heiden,175-0000,1,IC,DFO,,0.276,OP
P232,Port Heiden,175-0000,2,IC,DFO,,0.276,OP
P232,Port Heiden,175-0000,3,IC,DFO,,0.15,OP
P233,Kongiganak,176-0000,,BA,MWH,,0.295,OP
P233,Kongiganak,176-0000,2,IC,DFO,,0.275,OP
P233,Kongiganak,176-0000,3,IC,DFO,,0.275,OS
P233,Kongiganak,176-0000,4,IC,DFO,,0.14,OP
P233,Kongiganak,176-0000,2,IC,DFO,,0.275,OP
P233,Kongiganak,176-0000,3,IC,DFO,,0.275,OS
P233,Kongiganak,176-0000,4,IC,DFO,,0.14,OP
P233,Kongiganak,176-0000,1,IC,DFO,,0.235,OP
P233,Kongiganak,176-0000,1,IC,DFO,,0.235,OP
P233,Kongiganak,176-0000,,WT,WND,,0.475,OP
P234,Rampart,177-0000,2,IC,DFO,,0.105,OS
P234,Rampart,177-0000,1,IC,DFO,,0.11,OP
P234,Rampart,177-0000,3,IC,DFO,,0.045,OP
P235,Willow Solar,215-1985,,PV,SUN,,0.14,OP
P235,Willow Solar,215-1985,,PV,SUN,,1.2,OP
P236,Ruby,178-0000,1,IC,DFO,,0.23,OP
P236,Ruby,178-0000,2,IC,DFO,,0.18,OP
P236,Ruby,178-0000,3,IC,DFO,,0.117,OP
P237,Saint George,179-0000,1,IC,DFO,,0.21,OP
P237,Saint George,179-0000,2,IC,DFO,,0.21,OP
P237,Saint George,179-0000,3,IC,DFO,,0.21,OP
P237,Saint George,179-0000,4,IC,DFO,,0.2,OP
P237,Saint George,179-0000,,WT,WND,,0.095,OS
P238,Saint Paul,180-0000,1,IC,DFO,,0.855,OP
P238,Saint Paul,180-0000,2,IC,DFO,,0.38,OS
P238,Saint Paul,180-0000,3,IC,DFO,,0.26,OP
P238,Saint Paul,180-0000,4,IC,DFO,,0.3,OP
P238,Saint Paul,180-0000,5,IC,DFO,,0.0,OS
P238,Saint Paul,180-0000,6,IC,DFO,,0.855,OP
P239,Seward,215-1985,3,IC,DFO,,2.5,OP
P239,Seward,215-1985,4,IC,DFO,,2.5,OP
P239,Seward,215-1985,5,IC,DFO,,2.5,OP
P239,Seward,215-1985,6,IC,DFO,,2.8,OP
P239,Seward,215-1985,N1,IC,DFO,,2.8,OP
P239,Seward,215-1985,N2,IC,DFO,,2.5,OP
P239,Seward,215-1985,1,IC,DFO,,1.5,RE
P239,Seward,215-1985,2,IC,DFO,,1.5,RE
P24,Klawock Power Generation Station,023-2015,1,IC,DFO,,2.5,OP
P240,Blue Lake Hydro,219-0000,3,HY,WAT,,5.3,OP
P240,Blue Lake Hydro,219-0000,4,HY,WAT,,5.3,OP
P240,Blue Lake Hydro,219-0000,5,HY,WAT,,5.3,OP
P240,Blue Lake Hydro,219-0000,1,HY,WAT,,3.5,RE
P240,Blue Lake Hydro,219-0000,2,HY,WAT,,3.5,RE
P241,Green Lake,219-0000,1,HY,WAT,,9.3,OP
P241,Green Lake,219-0000,2,HY,WAT,,9.3,OP
P242,Jarvis Street,219-0000,1,IC,DFO,,2.0,OP
P242,Jarvis Street,219-0000,2,IC,DFO,,2.8,OP
P242,Jarvis Street,219-0000,3,IC,DFO,,2.8,OP
P242,Jarvis Street,219-0000,4,IC,DFO,,4.5,OP
P242,Jarvis Street,219-0000,5,IC,DFO,,13.5,OP
P243,South Fork Hydro (Eagle River),215-1985,,HY,WAT,,1.2,OP
P244,Tyee Lake Hydroelectric Facility,217-2009,UNIT1,HY,WAT,,11.3,OP
P244,Tyee Lake Hydroelectric Facility,217-2009,UNIT2,HY,WAT,,11.3,OP
P246,Stevens Village,181-0000,4,IC,DFO,,0.037,OS
P246,Stevens Village,181-0000,1,IC,DFO,,0.097,OP
P246,Stevens Village,181-0000,2,IC,DFO,,0.078,OP
P246,Stevens Village,181-0000,3,IC,DFO,,0.078,OP
P247,Takotna,182-0000,1,IC,DFO,,0.066,OP
P247,Takotna,182-0000,2,IC,DFO,,0.064,OP
P247,Takotna,182-0000,3,IC,DFO,,0.0,OS
P247,Takotna,182-0000,4,IC,DFO,,0.037,OS
P248,Port Alsworth,183-0000,2,IC,DFO,,0.0,OP
P248,Port Alsworth,183-0000,1,IC,DFO,,0.345,OP
P248,Port Alsworth,183-0000,3,IC,DFO,,0.47,OP
P249,Tanana,184-0000,2,IC,DFO,,0.68,OP
P249,Tanana,184-0000,3,IC,DFO,,0.43,OP
P249,Tanana,184-0000,4,IC,DFO,,0.175,OP
P249,Tanana,184-0000,1,IC,DFO,,0.32,OP
P25,Northway,012-0000,4,IC,DFO,,0.4,RE
P25,Northway,012-0000,1,IC,DFO,,0.424,OP
P25,Northway,012-0000,2,IC,DFO,,0.275,OP
P25,Northway,012-0000,3,IC,DFO,,0.4,OP
P252,Sand Point,187-0000,1,IC,DFO,,0.9,OP
P252,Sand Point,187-0000,2,IC,DFO,,0.875,OP
P252,Sand Point,187-0000,3,IC,DFO,,0.455,OP
P252,Sand Point,187-0000,4,IC,DFO,,0.65,OS
P252,Sand Point,187-0000,WT1,WT,WND,,0.5,OS
P252,Sand Point,187-0000,WT2,WT,WND,,0.5,OA
P253,Manley Hot Springs,188-0000,1,IC,DFO,,0.14,OP
P253,Manley Hot Springs,188-0000,2,IC,DFO,,0.096,OP
P254,TNSG North Plant,224_0000,CT1,GT,NG,,5.2,OP
P254,TNSG North Plant,224_0000,CT2,GT,NG,,5.2,OP
P254,TNSG North Plant,224_0000,CT3,GT,NG,,7.5,OP
P254,TNSG North Plant,224_0000,CT4,GT,NG,,7.5,OP
P254,TNSG North Plant,224_0000,13,IC,DFO,,0.3,OP
P255,TNSG South Plant,224_0000,1A,IC,NG,,1.4,OP
P255,TNSG South Plant,224_0000,2,IC,NG,,0.8,OP
P255,TNSG South Plant,224_0000,3,IC,NG,,0.8,OP
P255,TNSG South Plant,224_0000,4A,IC,NG,,1.4,OP
P255,TNSG South Plant,224_0000,6,IC,NG,,3.4,OP
P255,TNSG South Plant,224_0000,12,IC,NG,,0.6,RE
P256,Tenakee Springs,189-0000,,HY,WAT,,0.18,OP
P256,Tenakee Springs,189-0000,1,IC,DFO,,0.088,OP
P256,Tenakee Springs,189-0000,2,IC,DFO,,0.088,OP
P256,Tenakee Springs,189-0000,3,IC,DFO,,0.064,OP
P257,Tesoro Kenai Cogeneration Plant,215-1985,GEN1,GT,NG,DFO,4.3,OP
P257,Tesoro Kenai Cogeneration Plant,215-1985,GEN2,GT,NG,DFO,4.3,OP
P258,Tuluksak,190-0000,1,IC,DFO,,0.15,OP
P258,Tuluksak,190-0000,2,IC,DFO,,0.15,OS
P258,Tuluksak,190-0000,3,IC,DFO,,0.15,OP
P259,Tuntutuliak,191-0000,,BA,MWH,,0.295,OP
P259,Tuntutuliak,191-0000,1,IC,DFO,,0.275,OP
P259,Tuntutuliak,191-0000,2,IC,DFO,,0.3,OP
P259,Tuntutuliak,191-0000,1,IC,DFO,,0.275,OP
P259,Tuntutuliak,191-0000,2,IC,DFO,,0.3,OP
P259,Tuntutuliak,191-0000,3,IC,DFO,,0.22,OP
P259,Tuntutuliak,191-0000,4,IC,DFO,,0.325,OP
P259,Tuntutuliak,191-0000,,WT,WND,,0.475,OP
P26,Skagway,032-1998,1,HY,WAT,,0.4,OP
P26,Skagway,032-1998,2,HY,WAT,,0.1,OP
P26,Skagway,032-1998,3,HY,WAT,,0.3,OP
P26,Skagway,032-1998,4,HY,WAT,,0.2,OP
P26,Skagway,032-1998,1,IC,DFO,,0.855,OP
P26,Skagway,032-1998,2,IC,DFO,,1.1,OP
P26,Skagway,032-1998,3,IC,DFO,,0.5,OS
P26,Skagway,032-1998,4,IC,DFO,,0.93,OP
P260,Twin Hills,192-0000,1,IC,DFO,,0.213,OP
P260,Twin Hills,192-0000,2,IC,DFO,,0.128,UNK
P261,Nikolski,193-0000,,WT,WND,,0.065,
P262,Unalakleet,194-0000,1,IC,DFO,,0.4,RE
P262,Unalakleet,194-0000,2,IC,DFO,,0.4,RE
P262,Unalakleet,194-0000,3,IC,DFO,,0.4,RE
P262,Unalakleet,194-0000,4,IC,DFO,,0.4,RE
P262,Unalakleet,194-0000,1,IC,DFO,,0.475,OP
P262,Unalakleet,194-0000,2,IC,DFO,,0.475,OP
P262,Unalakleet,194-0000,3,IC,DFO,,0.475,OS
P262,Unalakleet,194-0000,4,IC,DFO,,0.475,OP
P262,Unalakleet,194-0000,,WT,WND,,0.6,OP
P263,Dutch Harbor,195-0000,10,IC,DFO,,5.2,OP
P263,Dutch Harbor,195-0000,11,IC,DFO,,5.2,OP
P263,Dutch Harbor,195-0000,12,IC,DFO,,4.4,OP
P263,Dutch Harbor,195-0000,13,IC,DFO,,4.4,OP
P263,Dutch Harbor,195-0000,15,IC,DFO,,0.3,SB
P263,Dutch Harbor,195-0000,8,IC,DFO,,1.2,OP
P263,Dutch Harbor,195-0000,9,IC,DFO,,1.2,OP
P263,Dutch Harbor,195-0000,1,IC,DFO,,0.3,RE
P263,Dutch Harbor,195-0000,2,IC,DFO,,0.3,RE
P263,Dutch Harbor,195-0000,3,IC,DFO,,0.6,RE
P263,Dutch Harbor,195-0000,4,IC,DFO,,0.9,RE
P263,Dutch Harbor,195-0000,5,IC,DFO,,0.6,RE
P263,Dutch Harbor,195-0000,6,IC,DFO,,1.4,RE
P264,Unalaska Power Module,195-0000,,BT,WH,,0.15,OP
P264,Unalaska Power Module,195-0000,7,IC,DFO,,1.1,OP
P265,Newtok,196-0000,1,IC,DFO,,0.15,OS
P265,Newtok,196-0000,2,IC,DFO,,0.229,OP
P266,Unisea G 2,195-0000,CAT4,IC,DFO,,1.0,OP
P266,Unisea G 2,195-0000,CAT5,IC,DFO,,1.0,OP
P266,Unisea G 2,195-0000,GEN1,IC,DFO,OBL,2.5,OP
P266,Unisea G 2,195-0000,GEN2,IC,DFO,OBL,2.6,OP
P266,Unisea G 2,195-0000,GEN3,IC,DFO,OBL,2.7,OP
P266,Unisea G 2,195-0000,GEN4,IC,DFO,OBL,2.5,OP
P266,Unisea G 2,195-0000,GEN5,IC,DFO,OBL,2.7,OP
P266,Unisea G 2,195-0000,GEN6,IC,DFO,OBL,2.5,OP
P266,Unisea G 2,195-0000,CAT1,IC,DFO,,0.8,RE
P266,Unisea G 2,195-0000,CAT2,IC,DFO,,0.9,RE
P267,University of Alaska Fairbanks,215-1985,GEN4,IC,DFO,,9.6,SB
P267,University of Alaska Fairbanks,215-1985,GEN1,ST,SUB,DFO,1.5,OS
P267,University of Alaska Fairbanks,215-1985,GEN2,ST,SUB,DFO,1.5,OS
P267,University of Alaska Fairbanks,215-1985,GEN3,ST,SUB,DFO,10.0,OA
P267,University of Alaska Fairbanks,215-1985,GEN5,ST,SUB,DFO,17.0,OP
P268,Eielson AFB Central Heat & Power Plant,215-1985,DG01,IC,DFO,,1.5,SB
P268,Eielson AFB Central Heat & Power Plant,215-1985,DG02,IC,DFO,,1.5,SB
P268,Eielson AFB Central Heat & Power Plant,215-1985,DG03,IC,DFO,,1.5,SB
P268,Eielson AFB Central Heat & Power Plant,215-1985,DG04,IC,DFO,,1.5,SB
P268,Eielson AFB Central Heat & Power Plant,215-1985,TG1,ST,SUB,,2.5,OP
P268,Eielson AFB Central Heat & Power Plant,215-1985,TG2,ST,SUB,,2.5,OP
P268,Eielson AFB Central Heat & Power Plant,215-1985,TG3,ST,SUB,,5.0,OP
P268,Eielson AFB Central Heat & Power Plant,215-1985,TG4,ST,SUB,,5.0,OP
P268,Eielson AFB Central Heat & Power Plant,215-1985,TG5,ST,SUB,,10.0,OP
P27,Slana Generating Station ,026-2011,3,IC,DFO,,0.4,RE
P27,Slana Generating Station ,026-2011,1,IC,DFO,,0.372,OP
P27,Slana Generating Station ,026-2011,2,IC,DFO,,0.35,OP
P27,Slana Generating Station ,026-2011,3,IC,DFO,,0.35,OP
P270,Venetie,197-0000,1,IC,DFO,,0.18,OP
P270,Venetie,197-0000,2,IC,DFO,,0.19,OP
P270,Venetie,197-0000,3,IC,DFO,,0.125,OS
P271,Westward Seafoods,195-0000,2,IC,DFO,,2.2,OP
P271,Westward Seafoods,195-0000,3,IC,DFO,,2.2,OP
P271,Westward Seafoods,195-0000,4,IC,DFO,,2.2,OP
P272,White Mountain,198-0000,1,IC,DFO,,0.157,OP
P272,White Mountain,198-0000,2,IC,DFO,,0.0,OS
P272,White Mountain,198-0000,3,IC,DFO,,0.225,OP
P273,Wrangell,217-2009,11,IC,DFO,,2.0,OP
P273,Wrangell,217-2009,12,IC,DFO,,2.0,OP
P273,Wrangell,217-2009,13,IC,DFO,,2.0,OP
P273,Wrangell,217-2009,9,IC,DFO,,2.5,OP
P273,Wrangell,217-2009,1,IC,DFO,,1.3,RE
P273,Wrangell,217-2009,2,IC,DFO,,1.3,RE
P273,Wrangell,217-2009,3,IC,DFO,,1.3,RE
P273,Wrangell,217-2009,4,IC,DFO,,1.3,RE
P273,Wrangell,217-2009,5,IC,DFO,,0.5,RE
P273,Wrangell,217-2009,7,IC,DFO,,0.5,RE
P275,Marathon Hydro,215-1985,,HY,WAT,,0.16,OS
P276,McRoberts Creek,215-1985,,HY,WAT,,0.125,OP
P278,Klawock,023-2015,1,IC,DFO,,0.5,RE
P278,Klawock,023-2015,2,IC,DFO,,0.5,RE
P278,Klawock,023-2015,3,IC,DFO,,0.1,RE
P278,Klawock,023-2015,4,IC,DFO,,0.3,RE
P28,Thorne Bay Plant,023-2015,2,IC,DFO,,0.6,OP
P28,Thorne Bay Plant,023-2015,4,IC,DFO,,0.4,OP
P29,Tok,015-2008,2,IC,DFO,,1.1,OP
P29,Tok,015-2008,3,IC,DFO,,1.18,OP
P29,Tok,015-2008,1,IC,DFO,,1.3,OP
P29,Tok,015-2008,5,IC,DFO,,0.6,OS
P29,Tok,015-2008,4,IC,DFO,,1.03,OP
P293,Hiilangaay Hydro,023-2015,GEN 1,HY,WAT,,5.0,OP
P296,Chugach Storage,215-1985,,BA,MWH,,2.0,OP
P296,Chugach Storage,215-1985,,FW,MWH,,1.0,OP
P297,TDX Saint Paul Wind,180-0000,,FW,MWH,,0.16,RE
P297,TDX Saint Paul Wind,180-0000,,WT,WND,,0.225,OP
P298,Juniper Creek Hydroelectric Project,215-1985,,HY,WAT,,0.3,OP
P3,Akiachak,002-0000,3,IC,DFO,,0.25,OP
P3,Akiachak,002-0000,4,IC,DFO,,0.25,OP
P3,Akiachak,002-0000,2,IC,DFO,,0.5,OS
P3,Akiachak,002-0000,1,IC,DFO,,0.5,OP
P31,Bettles,007-0000,2,IC,DFO,,0.3,OP
P31,Bettles,007-0000,3,IC,DFO,,0.2,OP
P31,Bettles,007-0000,1,IC,DFO,,0.1,OP
P33,Coffman Cove,023-2015,1,IC,DFO,,0.0,OS
P33,Coffman Cove,023-2015,2,IC,DFO,,0.3,OP
P33,Coffman Cove,023-2015,3,IC,DFO,,0.4,OP
P34,Eagle,009-0000,,HA,WAT,,0.025,RE
P34,Eagle,009-0000,2,IC,DFO,,0.18,OP
P34,Eagle,009-0000,3,IC,DFO,,0.175,OP
P34,Eagle,009-0000,1,IC,DFO,,0.175,OP
P34,Eagle,009-0000,,PV,SUN,,0.024,OP
P35,Gustavus,118-0000,,HY,WAT,,0.8,OP
P35,Gustavus,118-0000,1,IC,DFO,,0.4,OP
P35,Gustavus,118-0000,2,IC,DFO,,0.4,OP
P35,Gustavus,118-0000,3,IC,DFO,,0.1,OP
P35,Gustavus,118-0000,4,IC,DFO,,0.5,OP
P36,Healy Lake,011-0000,1,IC,DFO,,0.051,OP
P36,Healy Lake,011-0000,2,IC,DFO,,0.05,OP
P37,Hollis,023-2015,1,IC,DFO,,0.0,OP
P4,Akiak,003-0000,1,IC,DFO,,0.23,OP
P4,Akiak,003-0000,3,IC,DFO,,0.23,OP
P4,Akiak,003-0000,2,IC,DFO,,0.23,OS
P4,Akiak,003-0000,4,IC,DFO,,0.23,OP
P40,Whale Pass,213-0000,1,IC,DFO,,0.112,OP
P40,Whale Pass,213-0000,2,IC,DFO,,0.25,OP
P40,Whale Pass,213-0000,3,IC,DFO,,0.25,OP
P41,Dewey LakesÂ ,032-1998,,HY,WAT,,0.943,OP
P42,Lutak,032-1998,,HY,WAT,,0.285,OP
P42,Lutak,032-1998,1,IC,DFO,,1.5,OP
P43,Naukati Bay,023-2015,1,IC,DFO,,0.14,OP
P43,Naukati Bay,023-2015,2,IC,DFO,,0.18,OP
P45,Alakanuk,218-0000,UNIT4,IC,DFO,,0.8,SB
P45,Alakanuk,218-0000,UNIT1,IC,DFO,,0.4,RE
P45,Alakanuk,218-0000,UNIT2,IC,DFO,,0.5,RE
P45,Alakanuk,218-0000,UNIT3,IC,DFO,,0.4,RE
P46,Ambler,035-0000,1A,IC,DFO,,0.4,OP
P46,Ambler,035-0000,2,IC,DFO,,0.3,OP
P46,Ambler,035-0000,3,IC,DFO,,0.4,OP
P46,Ambler,035-0000,1,IC,DFO,,0.4,RE
P47,Bethel,034-1988,1,IC,DFO,,2.1,OP
P47,Bethel,034-1988,2,IC,DFO,,2.1,OP
P47,Bethel,034-1988,3,IC,DFO,,2.1,OP
P47,Bethel,034-1988,4,IC,DFO,,2.1,OP
P47,Bethel,034-1988,6,IC,DFO,,2.1,OP
P47,Bethel,034-1988,7,IC,DFO,,2.1,OP
P47,Bethel,034-1988,,WT,WND,,0.9,OP
P48,Brevig Mission,039-0000,1,IC,DFO,,0.2,OP
P48,Brevig Mission,039-0000,2,IC,DFO,,0.4,OP
P48,Brevig Mission,039-0000,3A,IC,DFO,,0.4,OP
P48,Brevig Mission,039-0000,3,IC,DFO,,0.5,RE
P49,Chevak,040-0000,1A,IC,DFO,,0.5,OP
P49,Chevak,040-0000,2A,IC,DFO,,0.5,OP
P49,Chevak,040-0000,3A,IC,DFO,,0.8,OP
P49,Chevak,040-0000,1,IC,DFO,,0.4,RE
P49,Chevak,040-0000,2,IC,DFO,,0.3,RE
P49,Chevak,040-0000,3,IC,DFO,,0.3,RE
P49,Chevak,040-0000,,WT,WND,,0.4,OP
P5,Akutan,004-0000,,HY,WAT,,0.105,OP
P5,Akutan,004-0000,1,IC,DFO,,0.15,OP
P5,Akutan,004-0000,2,IC,DFO,,0.15,OP
P5,Akutan,004-0000,3,IC,DFO,,0.1,OP
P50,Elim,043-0000,UNIT3,IC,DFO,,1.0,RE
P50,Elim,043-0000,1,IC,DFO,,0.325,OP
P50,Elim,043-0000,2,IC,DFO,,0.325,OP
P50,Elim,043-0000,3,IC,DFO,,0.66,OP
P51,Emmonak,045-0000,2A,IC,DFO,,0.5,OP
P51,Emmonak,045-0000,4a,IC,DFO,,0.5,OP
P51,Emmonak,045-0000,5B,IC,DFO,,1.3,OP
P51,Emmonak,045-0000,6,IC,DFO,,0.9,OP
P51,Emmonak,045-0000,2,IC,DFO,,0.3,RE
P51,Emmonak,045-0000,4,IC,DFO,,0.3,RE
P51,Emmonak,045-0000,5,IC,DFO,,0.5,RE
P51,Emmonak,045-0000,5a,IC,DFO,,0.5,RE
P51,Emmonak,045-0000,,WT,WND,,0.4,OP
P52,Gambell,046-0000,UNIT1,IC,DFO,,0.3,RE
P52,Gambell,046-0000,1,IC,DFO,,0.6,OS
P52,Gambell,046-0000,2,IC,DFO,,0.6,OP
P52,Gambell,046-0000,3,IC,DFO,,0.75,OP
P52,Gambell,046-0000,,WT,WND,,0.3,OP
P53,Hooper Bay,050-0000,3B,IC,DFO,,0.4,OP
P53,Hooper Bay,050-0000,4B,IC,DFO,,0.5,OP
P53,Hooper Bay,050-0000,5A,IC,DFO,,0.8,OP
P53,Hooper Bay,050-0000,6,IC,DFO,,0.5,OP
P53,Hooper Bay,050-0000,3A,IC,DFO,,0.3,RE
P53,Hooper Bay,050-0000,4A,IC,DFO,,0.3,RE
P53,Hooper Bay,050-0000,5,IC,DFO,,0.5,RE
P53,Hooper Bay,050-0000,,WT,WND,,0.3,OP
P54,Kasigluk,055-0000,1,IC,DFO,,0.8,OP
P54,Kasigluk,055-0000,5A,IC,DFO,,0.7,OP
P54,Kasigluk,055-0000,UNIT1,IC,DFO,,0.4,RE
P54,Kasigluk,055-0000,2,IC,DFO,,0.75,OP
P54,Kasigluk,055-0000,3,IC,DFO,,0.756,OP
P54,Kasigluk,055-0000,,WT,WND,,0.3,OP
P55,Kiana,057-0000,1B,IC,DFO,,0.3,OP
P55,Kiana,057-0000,3B,IC,DFO,,0.4,OP
P55,Kiana,057-0000,4,IC,DFO,,0.5,OP
P55,Kiana,057-0000,1A,IC,DFO,,0.3,RE
P55,Kiana,057-0000,2,IC,DFO,,0.3,RE
P55,Kiana,057-0000,3A,IC,DFO,,0.3,RE
P56,Kivalina,058-0000,UNIT1,IC,DFO,,0.2,OP
P56,Kivalina,058-0000,UNIT2,IC,DFO,,0.3,OP
P56,Kivalina,058-0000,UNIT3,IC,DFO,,0.2,OP
P56,Kivalina,058-0000,UNIT4,IC,DFO,,0.4,OP
P57,Kotlik,059-0000,1,IC,DFO,,0.275,OS
P57,Kotlik,059-0000,2,IC,DFO,,0.275,OS
P57,Kotlik,059-0000,3,IC,DFO,,0.42,OP
P57,Kotlik,059-0000,4,IC,DFO,,0.42,OP
P58,Koyuk,060-0000,1,IC,DFO,,0.224,OP
P58,Koyuk,060-0000,2,IC,DFO,,0.325,OP
P58,Koyuk,060-0000,3,IC,DFO,,0.5,OP
P59,Marshall,061-0000,1,IC,DFO,,0.5,OP
P59,Marshall,061-0000,2,IC,DFO,,0.325,OP
P59,Marshall,061-0000,3,IC,DFO,,0.325,OP
P6,Annex Creek,222-0000,5,HY,WAT,,1.8,OP
P6,Annex Creek,222-0000,6,HY,WAT,,2.2,OP
P60,Mountain Village,075-2020,3A,IC,DFO,,0.3,RE
P60,Mountain Village,075-2020,4,IC,DFO,,0.6,RE
P60,Mountain Village,075-2020,5,IC,DFO,,0.5,RE
P60,Mountain Village,075-2020,1,IC,DFO,,0.3,OS
P60,Mountain Village,075-2020,2,IC,DFO,,0.5,OS
P60,Mountain Village,075-2020,3,IC,DFO,,0.75,OP
P60,Mountain Village,075-2020,4,IC,DFO,,0.75,OP
P61,New Stuyahok,065-0000,3,IC,DFO,,0.5,RE
P61,New Stuyahok,065-0000,1,IC,DFO,,0.4,OP
P61,New Stuyahok,065-0000,2,IC,DFO,,0.376,OP
P61,New Stuyahok,065-0000,3,IC,DFO,,0.455,OP
P62,Noatak,066-0000,UNIT5,IC,DFO,,0.4,RE
P62,Noatak,066-0000,1,IC,DFO,,0.268,OP
P62,Noatak,066-0000,2,IC,DFO,,0.5,OP
P62,Noatak,066-0000,3,IC,DFO,,0.484,OP
P63,Noorvik,067-0000,2A,IC,DFO,,0.4,RE
P63,Noorvik,067-0000,3,IC,DFO,,0.3,RE
P63,Noorvik,067-0000,1,IC,DFO,,0.376,OP
P63,Noorvik,067-0000,2,IC,DFO,,0.5,OP
P63,Noorvik,067-0000,3,IC,DFO,,0.75,OP
P63,Noorvik,067-0000,,PV,SUN,,0.023,OP
P64,Nunapitchuk,204-0000,1A,IC,DFO,,0.5,SB
P64,Nunapitchuk,204-0000,2,IC,DFO,,0.3,RE
P64,Nunapitchuk,204-0000,3,IC,DFO,,0.3,RE
P64,Nunapitchuk,204-0000,4,IC,DFO,,0.6,RE
P64,Nunapitchuk,204-0000,5,IC,DFO,,0.5,RE
P65,Pilot Station,070-0000,UNIT1,IC,DFO,,0.4,RE
P65,Pilot Station,070-0000,1,IC,DFO,,0.625,OP
P65,Pilot Station,070-0000,2,IC,DFO,,0.5,OP
P65,Pilot Station,070-0000,3,IC,DFO,,0.376,OP
P66,Quinhagak,071-0000,UNIT3,IC,DFO,,0.4,RE
P66,Quinhagak,071-0000,1,IC,DFO,,0.528,OP
P66,Quinhagak,071-0000,2,IC,DFO,,0.376,OP
P66,Quinhagak,071-0000,3,IC,DFO,,0.376,OP
P66,Quinhagak,071-0000,,WT,WND,,0.3,OP
P67,Saint Mary's,075-2020,1,IC,DFO,,0.6,RE
P67,Saint Mary's,075-2020,1,IC,DFO,,0.455,OP
P67,Saint Mary's,075-2020,2,IC,DFO,,0.91,OS
P67,Saint Mary's,075-2020,3,IC,DFO,,0.915,OP
P67,Saint Mary's,075-2020,,WT,WND,,0.9,OP
P68,Savoonga,076-0000,UNIT2,IC,DFO,,0.5,RE
P68,Savoonga,076-0000,1,IC,DFO,,0.5,OP
P68,Savoonga,076-0000,2,IC,DFO,,0.5,OP
P68,Savoonga,076-0000,3,IC,DFO,,0.5,OP
P68,Savoonga,076-0000,,WT,WND,,0.2,OP
P69,Scammon Bay,077-0000,1,IC,DFO,,0.275,OP
P69,Scammon Bay,077-0000,2,IC,DFO,,0.35,OP
P69,Scammon Bay,077-0000,3,IC,DFO,,0.455,OP
P7,Auke Bay,222-0000,13,GT,DFO,,2.8,SB
P7,Auke Bay,222-0000,14,GT,DFO,,30.9,SB
P7,Auke Bay,222-0000,4,IC,DFO,,2.5,SB
P70,Selawik,078-0000,1,IC,DFO,,0.3,RE
P70,Selawik,078-0000,1A,IC,DFO,,0.3,RE
P70,Selawik,078-0000,2,IC,DFO,,0.7,RE
P70,Selawik,078-0000,2A,IC,DFO,,0.5,RE
P70,Selawik,078-0000,3,IC,DFO,,0.3,RE
P70,Selawik,078-0000,3A,IC,DFO,,0.8,RE
P70,Selawik,078-0000,1,IC,DFO,,0.75,OP
P70,Selawik,078-0000,2,IC,DFO,,0.5,OP
P70,Selawik,078-0000,3,IC,DFO,,1.0,OP
P70,Selawik,078-0000,,WT,WND,,0.26,OP
P71,Shishmaref,081-0000,3,IC,DFO,,0.3,RE
P71,Shishmaref,081-0000,4,IC,DFO,,0.5,RE
P71,Shishmaref,081-0000,1,IC,DFO,,0.376,OP
P71,Shishmaref,081-0000,2,IC,DFO,,0.3,OP
P71,Shishmaref,081-0000,3,IC,DFO,,0.26,OP
P71,Shishmaref,081-0000,4,IC,DFO,,0.5,OP
P72,Shungnak,149-1980,,BA,MWH,,0.235,OP
P72,Shungnak,149-1980,1,IC,DFO,,0.5,OP
P72,Shungnak,149-1980,2,IC,DFO,,0.5,OP
P72,Shungnak,149-1980,3,IC,DFO,,0.5,OP
P72,Shungnak,149-1980,,PV,SUN,,0.224,OP
P73,Saint Michael,084-2015,4,IC,DFO,,0.7,SB
P73,Saint Michael,084-2015,UNIT1,IC,DFO,,0.5,RE
P73,Saint Michael,084-2015,UNIT2,IC,DFO,,0.3,RE
P73,Saint Michael,084-2015,UNIT3,IC,DFO,,0.2,RE
P74,Stebbins,084-0000,UNIT1,IC,DFO,,0.5,RE
P74,Stebbins,084-0000,UNIT2,IC,DFO,,0.4,RE
P74,Stebbins,084-0000,UNIT3,IC,DFO,,0.3,RE
P74,Stebbins,084-0000,1,IC,DFO,,0.528,OP
P74,Stebbins,084-0000,2,IC,DFO,,0.528,OP
P74,Stebbins,084-0000,3,IC,DFO,,0.528,OP
P74,Stebbins,084-0000,4,IC,DFO,,0.528,OP
P75,Togiak,086-0000,2,IC,DFO,,0.3,RE
P75,Togiak,086-0000,2a,IC,DFO,,0.5,RE
P75,Togiak,086-0000,4,IC,DFO,,0.3,RE
P75,Togiak,086-0000,4B,IC,DFO,,0.8,RE
P75,Togiak,086-0000,4a,IC,DFO,,0.5,RE
P75,Togiak,086-0000,5,IC,DFO,,0.5,RE
P75,Togiak,086-0000,5A,IC,DFO,,0.8,RE
P75,Togiak,086-0000,1,IC,DFO,,0.528,OP
P75,Togiak,086-0000,3,IC,DFO,,1.05,OP
P75,Togiak,086-0000,4,IC,DFO,,0.528,OP
P75,Togiak,086-0000,2,IC,DFO,,0.528,OP
P76,Toksook Bay,088-2008,UNIT1,IC,DFO,,0.4,RE
P76,Toksook Bay,088-2008,1,IC,DFO,,0.75,OP
P76,Toksook Bay,088-2008,2,IC,DFO,,0.5,OP
P76,Toksook Bay,088-2008,3,IC,DFO,,0.756,OP
P76,Toksook Bay,088-2008,,WT,WND,,0.1,OP
P77,Upper Kalskag,052-2005,UNIT1,IC,DFO,,0.2,OP
P77,Upper Kalskag,052-2005,UNIT2,IC,DFO,,0.4,OP
P77,Upper Kalskag,052-2005,UNIT3,IC,DFO,,0.5,OP
P78,Yakutat,091-0000,2A,IC,DFO,,0.8,RE
P78,Yakutat,091-0000,3,IC,DFO,,0.6,RE
P78,Yakutat,091-0000,4,IC,DFO,,1.1,RE
P78,Yakutat,091-0000,4A,IC,DFO,,1.1,RE
P78,Yakutat,091-0000,5,IC,DFO,,0.3,RE
P78,Yakutat,091-0000,1,IC,DFO,,1.0,OP
P78,Yakutat,091-0000,2,IC,DFO,,1.285,OP
P78,Yakutat,091-0000,3,IC,DFO,,1.285,OP
P78,Yakutat,091-0000,4,IC,DFO,,0.6,OP
P79,Anvik,036-0000,1,IC,DFO,,0.175,OP
P79,Anvik,036-0000,2,IC,DFO,,0.16,OP
P79,Anvik,036-0000,3,IC,DFO,,0.105,OP
P8,Gold Creek,222-0000,1,HY,WAT,,0.8,OP
P8,Gold Creek,222-0000,2,HY,WAT,,0.4,OP
P8,Gold Creek,222-0000,3,HY,WAT,,0.4,OP
P8,Gold Creek,222-0000,IC1,IC,DFO,,1.2,SB
P8,Gold Creek,222-0000,IC2,IC,DFO,,1.2,SB
P8,Gold Creek,222-0000,IC3,IC,DFO,,1.1,SB
P8,Gold Creek,222-0000,IC4,IC,DFO,,3.5,SB
P8,Gold Creek,222-0000,IC5,IC,DFO,,1.1,SB
P80,Eek,041-0000,1,IC,DFO,,0.43,OP
P80,Eek,041-0000,2,IC,DFO,,0.26,OP
P80,Eek,041-0000,3,IC,DFO,,0.43,OP
P81,Ekwok,208-0000,1,IC,DFO,,0.22,OP
P81,Ekwok,208-0000,2,IC,DFO,,0.1,OS
P82,Goodnews Bay,047-0000,1,IC,DFO,,0.15,OP
P82,Goodnews Bay,047-0000,2,IC,DFO,,0.268,OP
P82,Goodnews Bay,047-0000,3,IC,DFO,,0.224,OP
P83,Grayling,048-0000,1,IC,DFO,,0.0,OP
P83,Grayling,048-0000,2,IC,DFO,,0.105,OP
P83,Grayling,048-0000,3,IC,DFO,,0.268,OP
P84,Holy Cross,049-0000,1,IC,DFO,,0.25,OP
P84,Holy Cross,049-0000,2,IC,DFO,,0.19,OP
P84,Holy Cross,049-0000,3,IC,DFO,,0.2,OP
P85,Huslia,051-0000,1,IC,DFO,,0.26,OP
P85,Huslia,051-0000,2,IC,DFO,,0.268,OP
P85,Huslia,051-0000,3,IC,DFO,,0.268,OP
P86,Kaltag,054-0000,1,IC,DFO,,0.224,OP
P86,Kaltag,054-0000,2,IC,DFO,,0.224,OP
P86,Kaltag,054-0000,3,IC,DFO,,0.325,OP
P86,Kaltag,054-0000,,PV,SUN,,0.0096,OP
P87,Mekoryuk,062-0000,2,IC,DFO,,0.268,OP
P87,Mekoryuk,062-0000,1,IC,DFO,,0.26,OP
P87,Mekoryuk,062-0000,3,IC,DFO,,0.175,OS
P87,Mekoryuk,062-0000,,WT,WND,,0.2,OP
P88,Minto,063-0000,2,IC,DFO,,0.25,OP
P88,Minto,063-0000,3,IC,DFO,,0.268,OP
P88,Minto,063-0000,1,IC,DFO,,0.19,OP
P89,Nightmute,088-2008,1,IC,DFO,,0.325,OP
P9,Industrial Plant,222-0000,15,GT,DFO,,41.7,OP
P90,Nulato,068-0000,1,IC,DFO,,0.376,OP
P90,Nulato,068-0000,2,IC,DFO,,0.25,OP
P90,Nulato,068-0000,3,IC,DFO,,0.376,OP
P91,Old Harbor,069-0000,1,IC,DFO,,0.18,OP
P91,Old Harbor,069-0000,2,IC,DFO,,0.22,OP
P91,Old Harbor,069-0000,3,IC,DFO,,0.6,OP
P93,Russian Mission,072-0000,1,IC,DFO,,0.268,OS
P93,Russian Mission,072-0000,2,IC,DFO,,0.376,OP
P93,Russian Mission,072-0000,3,IC,DFO,,0.26,OP
P94,Shageluk,079-0000,1,IC,DFO,,0.19,OP
P94,Shageluk,079-0000,2,IC,DFO,,0.1,OP
P94,Shageluk,079-0000,3,IC,DFO,,0.105,OP
P95,Shaktoolik,080-0000,1,IC,DFO,,0.26,OS
P95,Shaktoolik,080-0000,2,IC,DFO,,0.325,OP
P95,Shaktoolik,080-0000,3,IC,DFO,,0.2,OP
P95,Shaktoolik,080-0000,,WT,WND,,0.2,OP
P96,Teller,085-0000,1,IC,DFO,,0.35,OP
P96,Teller,085-0000,2,IC,DFO,,0.35,OP
P96,Teller,085-0000,3,IC,DFO,,0.35,OP
P97,Tununak,088-2008,1,IC,DFO,,0.325,OP
P98,Wales,090-0000,1,IC,DFO,,0.105,OP
P98,Wales,090-0000,2,IC,DFO,,0.2,OS
P98,Wales,090-0000,3,IC,DFO,,0.19,OP
P98,Wales,090-0000,,WT,WND,,0.13,RE
,,,,,,,,
,,,,,,,,
,Klawock,,,,,,,
,Birch Creek,,,,,,,
,Elfin Cove,,,,,,,
,False Pass,,,,,,,
,Cold Bay,,,,,,,
,Red Devil,,,,,,,
,Tatitlek,,,,,,,
,Adak,,,,,,,
,Allakaket,,,,,,,
,Chistochina,,,,,,,
