,Unnamed: 0,AEA Plant ID,eia_plant_id,PCE reporting ID,plant_name,AEA_operator Id,eia_operator_id,OPERATOR_Operator_name,INTERTIE_Current Intertie ID,INTERTIE_Current Intertie name,Currently Reports to EIA,Currently Reports to PCE,combined_heat_power,nameplate_capacity,OPERATOR_sector__id,OPERATOR_sector__name,OPERATOR_sector__number,Primary voltage,Primary voltage 2,Phases,Latitude,longitude,"status (OP, SB, OA)",Notes,Unnamed: 24,Unnamed: 25,Unnamed: 26,Unnamed: 27,Unnamed: 28,Unnamed: 29,Unnamed: 30,Unnamed: 31,Unnamed: 32,Unnamed: 33,Unnamed: 34,Unnamed: 35,Unnamed: 36,Unnamed: 37,Unnamed: 38,Unnamed: 39,Unnamed: 40
0,,P1,54452.0,,Agrium Kenai Nitrogen Operations,AEA-121,179.0,Agrium US Inc,215-1985,Railbelt_grid,0.0,0.0,False,,,Industrial CHP,7.0,24.8,,,60.6732,-151.3784,,,,,,,,,,,,,,,,,,,
1,,P2,,331010.0,Akhiok,AEA-001,,"Akhiok, City of",001-0000,Akhiok_grid,0.0,1.0,False,0.36,1.0,Electric Utility,1.0,7.2,,,56.94556,-154.17028,OP,,,,,,,,,,,,,,,,,,
2,,P3,,331020.0,Akiachak,AEA-003,,Akiachak Native Community,002-0000,Akiachak_grid,0.0,1.0,True,1.5,1.0,Electric Utility,1.0,7.2,,,60.90944,-161.43139,OP,,,,,,,,,,,,,,,,,,
3,,P4,,331030.0,Akiak,AEA-002,,Akiak City Council,003-0000,Akiak_grid,0.0,1.0,True,0.92,1.0,Electric Utility,1.0,7.2,,,60.91222,-161.21389,OP,,,,,,,,,,,,,,,,,,
4,,P5,,331040.0,Akutan,AEA-004,,"Akutan, City of",004-0000,Akutan_grid,0.0,1.0,False,0.552,1.0,Electric Utility,1.0,7.2,,,54.13556,-165.77306,OP,,,,,,,,,,,,,,,,,,
5,,P159,4252.0,,Soldotna,AEA-170,288.0,Alaska Electric G & T Coop Inc,215-1985,Railbelt_grid,0.0,0.0,False,50.0,1.0,Electric Utility,1.0,115.0, ,,60.499444,-150.997222,OP,,,,,,,,,,,,,,,,,,
6,,P10,57085.0,,Lake Dorothy Hydroelectric Project,AEA-133,213.0,Alaska Electric Light & Power Company,222-0000,Juneau_grid,1.0,0.0,False,14.3,1.0,Electric Utility,1.0,138.0, ,,58.2325,-134.0533,OP,,,,,,,,,,,,,,,,,,
7,,P11,64.0,,Lemon Creek,AEA-133,213.0,Alaska Electric Light & Power Company,222-0000,Juneau_grid,1.0,0.0,False,61.7,1.0,Electric Utility,1.0,69.0, ,,58.3536,-134.4953,OP,,,,,,,,,,,,,,,,,,
8,,P12,65.0,,Salmon Creek 1,AEA-133,213.0,Alaska Electric Light & Power Company,222-0000,Juneau_grid,1.0,0.0,False,8.5,1.0,Electric Utility,1.0,69.0, ,,58.3269,-134.4631,OP,,,,,,,,,,,,,,,,,,
9,,P13,78.0,,Snettisham,AEA-133,213.0,Alaska Electric Light & Power Company,222-0000,Juneau_grid,1.0,0.0,False,78.2,1.0,Electric Utility,1.0,138.0, ,,58.1415,-133.737,OP,,,,,,,,,,,,,,,,,,
10,,P6,62.0,,Annex Creek,AEA-133,213.0,Alaska Electric Light & Power Company,222-0000,Juneau_grid,1.0,0.0,False,4.0,1.0,Electric Utility,1.0,23.0, ,,58.3176,-134.101,OP,,,,,,,,,,,,,,,,,,
11,,P7,7250.0,,Auke Bay,AEA-133,213.0,Alaska Electric Light & Power Company,222-0000,Juneau_grid,1.0,0.0,False,36.2,1.0,Electric Utility,1.0,69.0, ,,58.3875,-134.6446,,,,,,,,,,,,,,,,,,,
12,,P8,63.0,,Gold Creek,AEA-133,213.0,Alaska Electric Light & Power Company,222-0000,Juneau_grid,1.0,0.0,False,9.7,1.0,Electric Utility,1.0,12.0, ,,58.3107,-134.4174,,,,,,,,,,,,,,,,,,,
13,,P9,59793.0,,Industrial Plant,AEA-133,213.0,Alaska Electric Light & Power Company,222-0000,Juneau_grid,1.0,0.0,False,41.7,1.0,Electric Utility,1.0,69.0, ,,58.367635,-134.60802,,,,,,,,,,,,,,,,,,,
14,,P14,58511.0,,Delta Wind Farm,AEA-113,58488.0,Alaska Environmental Power LLC,215-1985,Railbelt_grid,1.0,0.0,False,1.9,7.0,NAICS-22 Non-Cogen,2.0,25.0, ,,64.013889,-145.596667,OP,,,,,,,,,,,,,,,,,,
15,,P15,7752.0,,Black Bear Lake,AEA-005,219.0,Alaska Power & Telephone Company,023-2015,Prince of Wales Is._grid,1.0,,False,4.5,1.0,Electric Utility,1.0,34.5, ,,55.476472,-133.14772,OP,"Included in PCE reporting as ""Purchased Power""",,,,,,,,,,,,,,,,,
16,,P16,7751.0,,Goat Lake Hydro,AEA-005,219.0,Alaska Power & Telephone Company,032-1998,UpperLynnCanal_grid,1.0,,False,4.0,1.0,Electric Utility,1.0,34.5, ,,59.5357,-135.2123,OP,"Included in PCE reporting as ""Purchased Power""",,,,,,,,,,,,,,,,,
17,,P17,56542.0,,Kasidaya Creek Hydro,AEA-005,219.0,Alaska Power & Telephone Company,032-1998,UpperLynnCanal_grid,1.0,,False,3.0,1.0,Electric Utility,1.0,34.5, ,,59.4072,-135.3408,OP,"Included in PCE reporting as ""Purchased Power""",,,,,,,,,,,,,,,,,
18,,P18,56265.0,,South Fork,AEA-005,219.0,Alaska Power & Telephone Company,023-2015,Prince of Wales Is._grid,1.0,,False,2.0,1.0,Electric Utility,1.0,34.5, ,,55.563333,-132.891111,OP,"Included in PCE reporting as ""Purchased Power""",,,,,,,,,,,,,,,,,
19,,P19,56147.0,,Viking,AEA-005,219.0,Alaska Power & Telephone Company,023-2015,Prince of Wales Is._grid,1.0,,False,1.0,1.0,Electric Utility,1.0,12.47, ,,55.540708,-133.102344,,,,,,,,,,,,,,,,,,,
20,,P20,421.0,331090.0,Craig,AEA-005,219.0,Alaska Power & Telephone Company,023-2015,Prince of Wales Is._grid,1.0,1.0,False,4.6,1.0,Electric Utility,1.0,12.47, ,,55.47691,-133.14869,OP,,,,,,,,,,,,,,,,,,
21,,P21,56146.0,,False Island,AEA-005,219.0,Alaska Power & Telephone Company,023-2015,Prince of Wales Is._grid,1.0,,False,1.3,1.0,Electric Utility,1.0,12.47, ,,55.48918,-133.1345,,,,,,,,,,,,,,,,,,,
22,,P22,69.0,331120.0,Haines,AEA-005,219.0,Alaska Power & Telephone Company,032-1998,UpperLynnCanal_grid,1.0,1.0,False,6.2,1.0,Electric Utility,1.0,12.47, ,,59.235931,-135.446228,OP,PCE reporting includes diesel and hydro generation,,,,,,,,,,,,,,,,,
23,,P23,423.0,331150.0,Hydaburg,AEA-005,219.0,Alaska Power & Telephone Company,023-2015,Prince of Wales Is._grid,1.0,1.0,False,1.0,1.0,Electric Utility,1.0,2.4, ,,55.204937,-132.821435,,,,,,,,,,,,,,,,,,,
24,,P24,61684.0,,Klawock Power Generation Station,AEA-005,219.0,Alaska Power & Telephone Company,023-2015,Prince of Wales Is._grid,1.0,0.0,False,2.5,1.0,Electric Utility,1.0,12.47, ,,55.553197,-133.08535,,,,,,,,,,,,,,,,,,,
25,,P25,7169.0,331180.0,Northway,AEA-005,219.0,Alaska Power & Telephone Company,012-0000,Northway_grid,1.0,1.0,False,1.1,1.0,Electric Utility,1.0,14.4, ,,62.9617,-141.9372,OP,,,,,,,,,,,,,,,,,,
26,,P26,66.0,331190.0,Skagway,AEA-005,219.0,Alaska Power & Telephone Company,032-1998,UpperLynnCanal_grid,1.0,1.0,False,4.4,1.0,Electric Utility,1.0,2.4, ,,59.4545,-135.3131,OP,PCE reporting includes diesel and hydro generation,,,,,,,,,,,,,,,,,
27,,P27,61685.0,331195.0,Slana Generating Station ,AEA-005,219.0,Alaska Power & Telephone Company,026-2011,Slana_grid,1.0,1.0,True,0.73,1.0,Electric Utility,1.0,12.47, ,,62.592756,-143.588869,OP,,,,,,,,,,,,,,,,,,
28,,P28,7414.0,331210.0,Thorne Bay Plant,AEA-005,219.0,Alaska Power & Telephone Company,023-2015,Prince of Wales Is._grid,1.0,1.0,False,1.075,1.0,Electric Utility,1.0,4.16, ,,55.68586,-132.52892,,,,,,,,,,,,,,,,,,,
29,,P29,406.0,331220.0,Tok,AEA-005,219.0,Alaska Power & Telephone Company,015-2008,Tok_grid,1.0,1.0,False,7.6,1.0,Electric Utility,1.0,12.47, ,,63.33552,-142.99997,OP,,,,,,,,,,,,,,,,,,
30,,P30,7750.0,331050.0,Allakaket,AEA-005,219.0,Alaska Power & Telephone Company,005-0000,Allakaket_grid,0.0,1.0,True,0.525,1.0,Electric Utility,1.0,7.2,,,66.56261,-152.64756,OP,,,,,,,,,,,,,,,,,,
31,,P31,7176.0,331060.0,Bettles,AEA-005,219.0,Alaska Power & Telephone Company,007-0000,Bettles_grid,0.0,1.0,False,0.6,1.0,Electric Utility,1.0,2.4,,,66.91788,-151.51513,OP,,,,,,,,,,,,,,,,,,
32,,P32,7332.0,331070.0,Chistochina,AEA-005,219.0,Alaska Power & Telephone Company,026-2011,Slana_grid,0.0,1.0,False,0.2,1.0,Electric Utility,1.0,7.2,,,62.565,-144.66472,,,,,,,,,,,,,,,,,,,
33,,P33,7342.0,331080.0,Coffman Cove,AEA-005,219.0,Alaska Power & Telephone Company,023-2015,Prince of Wales Is._grid,0.0,1.0,False,0.66,1.0,Electric Utility,1.0,2.4,,,56.01389,-132.82778,,,,,,,,,,,,,,,,,,,
34,,P34,7375.0,331110.0,Eagle,AEA-005,219.0,Alaska Power & Telephone Company,009-0000,Eagle_grid,0.0,1.0,True,0.45,1.0,Electric Utility,1.0,7.2,,,64.78806,-141.2,OP,,,,,,,,,,,,,,,,,,
35,,P35,,332010.0,Gustavus,AEA-005,219.0,Alaska Power & Telephone Company,118-0000,Gustavus_grid,0.0,1.0,False,0.842,1.0,Electric Utility,1.0,7.2,,,58.41333,-135.73694,OP,,,,,,,,,,,,,,,,,,
36,,P36,7506.0,331130.0,Healy Lake,AEA-005,219.0,Alaska Power & Telephone Company,011-0000,Healy Lake_grid,0.0,1.0,False,0.083,1.0,Electric Utility,1.0,2.4,,,64.02689,-144.66162,,,,,,,,,,,,,,,,,,,
37,,P37,7249.0,331140.0,Hollis,AEA-005,219.0,Alaska Power & Telephone Company,023-2015,Prince of Wales Is._grid,0.0,1.0,False,0.45,1.0,Electric Utility,1.0,2.4,,,,,,,,,,,,,,,,,,,,,,,
38,,P38,7341.0,331160.0,Mentasta Lake,AEA-005,219.0,Alaska Power & Telephone Company,026-2011,Slana_grid,0.0,1.0,False,,1.0,Electric Utility,1.0,,,,62.93155,-143.79273,,,,,,,,,,,,,,,,,,,
39,,P39,7371.0,331200.0,Tetlin,AEA-005,219.0,Alaska Power & Telephone Company,015-2008,Tok_grid,0.0,1.0,False,,1.0,Electric Utility,1.0,,,,63.13722,-142.51611,,,,,,,,,,,,,,,,,,,
40,,P40,7753.0,331230.0,Whale Pass,AEA-005,219.0,Alaska Power & Telephone Company,213-0000,Whale_Pass_grid,0.0,1.0,False,0.25,1.0,Electric Utility,1.0,2.4,,,56.11528,-133.12083,OP,,,,,,,,,,,,,,,,,,
41,,P41,,,Dewey LakesÂ ,AEA-005,219.0,Alaska Power & Telephone Company,032-1998,UpperLynnCanal_grid,0.0,0.0,False,0.943,1.0,Electric Utility,1.0,,,,59.4511,-135.3081,OP,"Included in PCE reporting as ""Purchased Power""",,,,,,,,,,,,,,,,,
42,,P42,,,Lutak,AEA-005,219.0,Alaska Power & Telephone Company,032-1998,UpperLynnCanal_grid,0.0,0.0,False,,1.0,Electric Utility,1.0,,,,59.3411111,-135.5655556,OP,"Included in PCE reporting as ""Purchased Power""",,,,,,,,,,,,,,,,,
43,,P43,7792.0,331170.0,Naukati Bay,AEA-005,219.0,Alaska Power & Telephone Company,023-2015,Prince of Wales Is._grid,0.0,1.0,False,,1.0,Electric Utility,1.0,,,,55.88077,-133.195,,,,,,,,,,,,,,,,,,,
44,,P44,60814.0,,7-Mile Ridge Wind Project,AEA-005,219.0,Alaska Power & Telephone Company,,,0.0,0.0,False,,,Electric Utility,1.0,,,,63.210689,-143.247156,,,,,,,,,,,,,,,,,,,
45,,P45,6308.0,331240.0,Alakanuk,AEA-006,221.0,Alaska Village Electric Cooperative,218-0000,Alakanuk_grid,0.0,1.0,False,0.8,1.0,Electric Utility,1.0,13.47, ,,62.6833,-164.6544,,,,,,,,,,,,,,,,,,,
46,,P45,57053.0,331240.0,Alakanuk,AEA-006,221.0,Alaska Village Electric Cooperative,218-0000,Alakanuk_grid,1.0,1.0,False,0.8,1.0,Electric Utility,1.0,13.47, ,,62.6833,-164.6544,,,,,,,,,,,,,,,,,,,
47,,P46,6556.0,331250.0,Ambler,AEA-006,221.0,Alaska Village Electric Cooperative,035-0000,Ambler_grid,0.0,1.0,True,1.1,1.0,Electric Utility,1.0,12.5, ,,67.08798,-157.856719,OP,,,,,,,,,,,,,,,,,,
48,,P46,60243.0,331250.0,Ambler,AEA-006,221.0,Alaska Village Electric Cooperative,035-0000,Ambler_grid,1.0,1.0,True,1.1,1.0,Electric Utility,1.0,12.5, ,,67.08798,-157.856719,OP,,,,,,,,,,,,,,,,,,
49,,P47,6566.0,331800.0,Bethel,AEA-006,221.0,Alaska Village Electric Cooperative,034-1988,Bethel_grid,1.0,1.0,False,12.6,1.0,Electric Utility,1.0,2.4, ,,60.7897,-161.787778,OP,,,,,,,,,,,,,,,,,,
50,,P48,7374.0,331270.0,Brevig Mission,AEA-006,221.0,Alaska Village Electric Cooperative,039-0000,Brevig Mission_grid,0.0,1.0,False,1.1,1.0,Electric Utility,1.0,12.5, ,,65.331716,-166.479506,OP,,,,,,,,,,,,,,,,,,
51,,P48,60260.0,331270.0,Brevig Mission,AEA-006,221.0,Alaska Village Electric Cooperative,039-0000,Brevig Mission_grid,1.0,1.0,False,1.1,1.0,Electric Utility,1.0,12.5, ,,65.331716,-166.479506,OP,,,,,,,,,,,,,,,,,,
52,,P49,6311.0,331280.0,Chevak,AEA-006,221.0,Alaska Village Electric Cooperative,040-0000,Chevak_grid,1.0,1.0,True,1.8,1.0,Electric Utility,1.0,12.5, ,,61.525297,-165.590152,OP,,,,,,,,,,,,,,,,,,
53,,P50,6313.0,331300.0,Elim,AEA-006,221.0,Alaska Village Electric Cooperative,043-0000,Elim_grid,0.0,1.0,False,1.1,1.0,Electric Utility,1.0,13.47, ,,64.616558,-162.263717,OP,,,,,,,,,,,,,,,,,,
54,,P50,57060.0,331300.0,Elim,AEA-006,221.0,Alaska Village Electric Cooperative,043-0000,Elim_grid,1.0,1.0,False,1.1,1.0,Electric Utility,1.0,13.47, ,,64.616558,-162.263717,OP,,,,,,,,,,,,,,,,,,
55,,P51,6314.0,331310.0,Emmonak,AEA-006,221.0,Alaska Village Electric Cooperative,045-0000,Emmonak_grid,1.0,1.0,True,3.2,1.0,Electric Utility,1.0,12.5, ,,62.777694,-164.531517,OP,,,,,,,,,,,,,,,,,,
56,,P52,6315.0,331320.0,Gambell,AEA-006,221.0,Alaska Village Electric Cooperative,046-0000,Gambell_grid,0.0,1.0,True,1.6,1.0,Electric Utility,1.0,13.47, ,,63.777058,-171.712439,OP,,,,,,,,,,,,,,,,,,
57,,P52,57062.0,331320.0,Gambell,AEA-006,221.0,Alaska Village Electric Cooperative,046-0000,Gambell_grid,1.0,1.0,True,1.6,1.0,Electric Utility,1.0,13.47, ,,63.777058,-171.712439,OP,,,,,,,,,,,,,,,,,,
58,,P53,6319.0,331360.0,Hooper Bay,AEA-006,221.0,Alaska Village Electric Cooperative,050-0000,Hooper Bay_grid,1.0,1.0,True,2.1,1.0,Electric Utility,1.0,12.5, ,,61.530858,-166.101944,OP,,,,,,,,,,,,,,,,,,
59,,P54,57066.0,331390.0,Kasigluk,AEA-006,221.0,Alaska Village Electric Cooperative,055-0000,Kasigluk_grid,1.0,1.0,True,2.0,1.0,Electric Utility,1.0,13.47, ,,60.8731,-162.5197,OP,,,,,,,,,,,,,,,,,,
60,,P55,6323.0,331400.0,Kiana,AEA-006,221.0,Alaska Village Electric Cooperative,057-0000,Kiana_grid,1.0,1.0,True,1.1,1.0,Electric Utility,1.0,12.5, ,,66.973889,-160.428592,OP,,,,,,,,,,,,,,,,,,
61,,P56,6324.0,331410.0,Kivalina,AEA-006,221.0,Alaska Village Electric Cooperative,058-0000,Kivalina_grid,0.0,1.0,True,1.1,1.0,Electric Utility,1.0,13.47, ,,67.726644,-164.538447,OP,,,,,,,,,,,,,,,,,,
62,,P56,57065.0,331410.0,Kivalina,AEA-006,221.0,Alaska Village Electric Cooperative,058-0000,Kivalina_grid,1.0,1.0,True,1.1,1.0,Electric Utility,1.0,13.47, ,,67.726644,-164.538447,OP,,,,,,,,,,,,,,,,,,
63,,P57,57064.0,332120.0,Kotlik,AEA-006,221.0,Alaska Village Electric Cooperative,059-0000,Kotlik_grid,1.0,1.0,True,1.4,1.0,Electric Utility,1.0,13.47, ,,63.03215,-163.553106,OP,,,,,,,,,,,,,,,,,,
64,,P58,6325.0,331420.0,Koyuk,AEA-006,221.0,Alaska Village Electric Cooperative,060-0000,Koyuk_grid,0.0,1.0,True,1.1,1.0,Electric Utility,1.0,13.47, ,,64.932089,-161.167103,OP,,,,,,,,,,,,,,,,,,
65,,P58,57059.0,331420.0,Koyuk,AEA-006,221.0,Alaska Village Electric Cooperative,060-0000,Koyuk_grid,1.0,1.0,True,1.1,1.0,Electric Utility,1.0,13.47, ,,64.932089,-161.167103,OP,,,,,,,,,,,,,,,,,,
66,,P59,6326.0,331440.0,Marshall,AEA-006,221.0,Alaska Village Electric Cooperative,061-0000,Marshall_grid,0.0,1.0,True,1.1,1.0,Electric Utility,1.0,12.5, ,,61.878186,-162.085147,OP,,,,,,,,,,,,,,,,,,
67,,P59,60244.0,331440.0,Marshall,AEA-006,221.0,Alaska Village Electric Cooperative,061-0000,Marshall_grid,1.0,1.0,True,1.1,1.0,Electric Utility,1.0,12.5, ,,61.878186,-162.085147,OP,,,,,,,,,,,,,,,,,,
68,,P60,6329.0,331470.0,Mountain Village,AEA-006,221.0,Alaska Village Electric Cooperative,075-2020,Saint Mary's_grid,1.0,1.0,False,2.3,1.0,Electric Utility,1.0,12.5, ,,62.085569,-163.729072,SB?,,,,,,,,,,,,,,,,,,
69,,P61,6334.0,331480.0,New Stuyahok,AEA-006,221.0,Alaska Village Electric Cooperative,065-0000,New Stuyahok_grid,0.0,1.0,True,1.4,1.0,Electric Utility,1.0,12.5, ,,59.448358,-157.325528,OP,,,,,,,,,,,,,,,,,,
70,,P61,60245.0,331480.0,New Stuyahok,AEA-006,221.0,Alaska Village Electric Cooperative,065-0000,New Stuyahok_grid,1.0,1.0,True,1.4,1.0,Electric Utility,1.0,12.5, ,,59.448358,-157.325528,OP,,,,,,,,,,,,,,,,,,
71,,P62,6331.0,331500.0,Noatak,AEA-006,221.0,Alaska Village Electric Cooperative,066-0000,Noatak_grid,0.0,1.0,True,1.3,1.0,Electric Utility,1.0,13.47, ,,67.570931,-162.965728,OP,,,,,,,,,,,,,,,,,,
72,,P62,57051.0,331500.0,Noatak,AEA-006,221.0,Alaska Village Electric Cooperative,066-0000,Noatak_grid,1.0,1.0,True,1.3,1.0,Electric Utility,1.0,13.47, ,,67.570931,-162.965728,OP,,,,,,,,,,,,,,,,,,
73,,P63,6330.0,331510.0,Noorvik,AEA-006,221.0,Alaska Village Electric Cooperative,067-0000,Noorvik_grid,1.0,1.0,True,1.5,1.0,Electric Utility,1.0,12.5, ,,66.834519,-161.038717,OP,,,,,,,,,,,,,,,,,,
74,,P64,6333.0,331530.0,Nunapitchuk,AEA-006,221.0,Alaska Village Electric Cooperative,204-0000,Nunapitchuk_grid,0.0,1.0,False,0.5,1.0,Electric Utility,1.0,12.5, ,,60.89588,-162.459756,OP,,,,,,,,,,,,,,,,,,
75,,P65,6335.0,331550.0,Pilot Station,AEA-006,221.0,Alaska Village Electric Cooperative,070-0000,Pilot Station_grid,0.0,1.0,True,1.2,1.0,Electric Utility,1.0,13.47, ,,61.936456,-162.880706,OP,,,,,,,,,,,,,,,,,,
76,,P65,57058.0,331550.0,Pilot Station,AEA-006,221.0,Alaska Village Electric Cooperative,070-0000,Pilot Station_grid,1.0,1.0,True,1.2,1.0,Electric Utility,1.0,13.47, ,,61.936456,-162.880706,OP,,,,,,,,,,,,,,,,,,
77,,P66,6337.0,331570.0,Quinhagak,AEA-006,221.0,Alaska Village Electric Cooperative,071-0000,Quinhagak_grid,0.0,1.0,True,1.1,1.0,Electric Utility,1.0,13.47, ,,59.747436,-161.910647,OP,,,,,,,,,,,,,,,,,,
78,,P66,57057.0,331570.0,Quinhagak,AEA-006,221.0,Alaska Village Electric Cooperative,071-0000,Quinhagak_grid,1.0,1.0,True,1.1,1.0,Electric Utility,1.0,13.47, ,,59.747436,-161.910647,OP,,,,,,,,,,,,,,,,,,
79,,P67,6338.0,331660.0,Saint Mary's,AEA-006,221.0,Alaska Village Electric Cooperative,075-2020,Saint Mary's_grid,1.0,1.0,True,2.0180000000000002,1.0,Electric Utility,1.0,12.5, ,,62.051525,-163.172567,OP,,,,,,,,,,,,,,,,,,
80,,P68,6340.0,331590.0,Savoonga,AEA-006,221.0,Alaska Village Electric Cooperative,076-0000,Savoonga_grid,0.0,1.0,True,1.7,1.0,Electric Utility,1.0,13.47, ,,63.695267,-170.475661,OP,,,,,,,,,,,,,,,,,,
81,,P68,57052.0,331590.0,Savoonga,AEA-006,221.0,Alaska Village Electric Cooperative,076-0000,Savoonga_grid,1.0,1.0,True,1.7,1.0,Electric Utility,1.0,13.47, ,,63.695267,-170.475661,OP,,,,,,,,,,,,,,,,,,
82,,P69,6342.0,331600.0,Scammon Bay,AEA-006,221.0,Alaska Village Electric Cooperative,077-0000,Scammon Bay_grid,0.0,1.0,True,1.3,1.0,Electric Utility,1.0,13.47, ,,61.843036,-165.581497,OP,,,,,,,,,,,,,,,,,,
83,,P69,57056.0,331600.0,Scammon Bay,AEA-006,221.0,Alaska Village Electric Cooperative,077-0000,Scammon Bay_grid,1.0,1.0,True,1.3,1.0,Electric Utility,1.0,13.47, ,,61.843036,-165.581497,OP,,,,,,,,,,,,,,,,,,
84,,P70,6341.0,331610.0,Selawik,AEA-006,221.0,Alaska Village Electric Cooperative,078-0000,Selawik_grid,1.0,1.0,True,1.7,1.0,Electric Utility,1.0,12.5, ,,66.606778,-160.014808,OP,,,,,,,,,,,,,,,,,,
85,,P71,6345.0,331640.0,Shishmaref,AEA-006,221.0,Alaska Village Electric Cooperative,081-0000,Shishmaref_grid,1.0,1.0,False,1.5,1.0,Electric Utility,1.0,12.5, ,,66.255072,-166.073589,OP,,,,,,,,,,,,,,,,,,
86,,P72,6346.0,331650.0,Shungnak,AEA-006,221.0,Alaska Village Electric Cooperative,149-1980,Shungnak_grid,0.0,1.0,True,1.2,1.0,Electric Utility,1.0,13.47, ,,66.888114,-157.140206,OP,,,,,,,,,,,,,,,,,,
87,,P72,57063.0,331650.0,Shungnak,AEA-006,221.0,Alaska Village Electric Cooperative,149-1980,Shungnak_grid,1.0,1.0,True,1.2,1.0,Electric Utility,1.0,13.47, ,,66.888114,-157.140206,OP,,,,,,,,,,,,,,,,,,
88,,P73,6339.0,331670.0,Saint Michael,AEA-006,221.0,Alaska Village Electric Cooperative,084-2015,Stebbins_grid,0.0,1.0,False,0.7,1.0,Electric Utility,1.0,13.47, ,,63.4775,-162.0383,,,,,,,,,,,,,,,,,,,
89,,P73,57061.0,331670.0,Saint Michael,AEA-006,221.0,Alaska Village Electric Cooperative,084-2015,Stebbins_grid,0.0,1.0,False,0.7,1.0,Electric Utility,1.0,13.47, ,,63.4775,-162.0383,,,,,,,,,,,,,,,,,,,
90,,P74,6347.0,331680.0,Stebbins,AEA-006,221.0,Alaska Village Electric Cooperative,084-0000,Stebbins_grid,0.0,1.0,True,2.0,1.0,Electric Utility,1.0,13.47, ,,63.521047,-162.286322,OP,,,,,,,,,,,,,,,,,,
91,,P74,57055.0,331680.0,Stebbins,AEA-006,221.0,Alaska Village Electric Cooperative,084-0000,Stebbins_grid,1.0,1.0,True,2.0,1.0,Electric Utility,1.0,13.47, ,,63.521047,-162.286322,OP,,,,,,,,,,,,,,,,,,
92,,P75,6348.0,331690.0,Togiak,AEA-006,221.0,Alaska Village Electric Cooperative,086-0000,Togiak_grid,1.0,1.0,True,2.4,1.0,Electric Utility,1.0,12.5, ,,59.059744,-160.380278,OP,,,,,,,,,,,,,,,,,,
93,,P76,6349.0,331700.0,Toksook Bay,AEA-006,221.0,Alaska Village Electric Cooperative,088-2008,Toksook Bay_grid,0.0,1.0,True,1.7,1.0,Electric Utility,1.0,13.47, ,,60.530142,-165.108575,OP,,,,,,,,,,,,,,,,,,
94,,P76,57067.0,331700.0,Toksook Bay,AEA-006,221.0,Alaska Village Electric Cooperative,088-2008,Toksook Bay_grid,1.0,1.0,True,1.7,1.0,Electric Utility,1.0,13.47, ,,60.530142,-165.108575,OP,,,,,,,,,,,,,,,,,,
95,,P77,57054.0,331720.0,Upper Kalskag,AEA-006,221.0,Alaska Village Electric Cooperative,052-2005,Upper Kalskag_grid,1.0,1.0,False,1.1,1.0,Electric Utility,1.0,13.47, ,,61.526858,-160.348128,OP,,,,,,,,,,,,,,,,,,
96,,P78,6637.0,332900.0,Yakutat,AEA-006,221.0,Alaska Village Electric Cooperative,091-0000,Yakutat_grid,1.0,1.0,True,4.16,1.0,Electric Utility,1.0,4.16, ,,59.544553,-139.724306,OP,,,,,,,,,,,,,,,,,,
97,,P79,6310.0,331260.0,Anvik,AEA-006,221.0,Alaska Village Electric Cooperative,036-0000,Anvik_grid,0.0,1.0,True,0.503,1.0,Electric Utility,1.0,7.2,,,62.65611,-160.20667,OP,,,,,,,,,,,,,,,,,,
98,,P80,6312.0,331290.0,Eek,AEA-006,221.0,Alaska Village Electric Cooperative,041-0000,Eek_grid,0.0,1.0,True,0.579,1.0,Electric Utility,1.0,7.2,,,60.21889,-162.02444,OP,,,,,,,,,,,,,,,,,,
99,,P81,,331950.0,Ekwok,AEA-006,221.0,Alaska Village Electric Cooperative,208-0000,Ekwok_grid,0.0,1.0,False,,1.0,Electric Utility,1.0,7.2,,,,,OP,,,,,,,,,,,,,,,,,,
100,,P82,6316.0,331330.0,Goodnews Bay,AEA-006,221.0,Alaska Village Electric Cooperative,047-0000,Goodnews Bay_grid,0.0,1.0,True,0.661,1.0,Electric Utility,1.0,7.2,,,59.11889,-161.5875,OP,,,,,,,,,,,,,,,,,,
101,,P83,6317.0,331340.0,Grayling,AEA-006,221.0,Alaska Village Electric Cooperative,048-0000,Grayling_grid,0.0,1.0,False,0.607,1.0,Electric Utility,1.0,7.2,,,62.90361,-160.06472,OP,,,,,,,,,,,,,,,,,,
102,,P84,6318.0,331350.0,Holy Cross,AEA-006,221.0,Alaska Village Electric Cooperative,049-0000,Holy Cross_grid,0.0,1.0,False,0.6930000000000001,1.0,Electric Utility,1.0,7.2,,,62.19944,-159.77139,OP,,,,,,,,,,,,,,,,,,
103,,P85,6320.0,331370.0,Huslia,AEA-006,221.0,Alaska Village Electric Cooperative,051-0000,Huslia_grid,0.0,1.0,True,0.8,1.0,Electric Utility,1.0,7.2,,,65.69861,-156.39972,OP,,,,,,,,,,,,,,,,,,
104,,P86,6322.0,331380.0,Kaltag,AEA-006,221.0,Alaska Village Electric Cooperative,054-0000,Kaltag_grid,0.0,1.0,True,0.835,1.0,Electric Utility,1.0,7.2,,,64.32722,-158.72194,OP,,,,,,,,,,,,,,,,,,
105,,P87,6327.0,331450.0,Mekoryuk,AEA-006,221.0,Alaska Village Electric Cooperative,062-0000,Mekoryuk_grid,0.0,1.0,True,0.849,1.0,Electric Utility,1.0,7.2,,,60.38806,-166.185,OP,,,,,,,,,,,,,,,,,,
106,,P88,6328.0,331460.0,Minto,AEA-006,221.0,Alaska Village Electric Cooperative,063-0000,Minto_grid,0.0,1.0,True,0.647,1.0,Electric Utility,1.0,7.2,,,65.15333,-149.33694,OP,,,,,,,,,,,,,,,,,,
107,,P89,,331490.0,Nightmute,AEA-006,221.0,Alaska Village Electric Cooperative,088-2008,Toksook Bay_grid,0.0,1.0,False,0.34400000000000003,1.0,Electric Utility,1.0,7.2,,,60.47944,-164.72389,,,,,,,,,,,,,,,,,,,
108,,P90,6332.0,331520.0,Nulato,AEA-006,221.0,Alaska Village Electric Cooperative,068-0000,Nulato_grid,0.0,1.0,False,0.989,1.0,Electric Utility,1.0,7.2,,,64.71944,-158.10306,OP,,,,,,,,,,,,,,,,,,
109,,P91,6557.0,331540.0,Old Harbor,AEA-006,221.0,Alaska Village Electric Cooperative,069-0000,Old Harbor_grid,0.0,1.0,False,0.706,1.0,Electric Utility,1.0,7.2,,,57.20278,-153.30389,OP,,,,,,,,,,,,,,,,,,
110,,P92,,331560.0,Pitkas Point,AEA-006,221.0,Alaska Village Electric Cooperative,075-2020,Saint Mary's_grid,0.0,1.0,False,,1.0,Electric Utility,1.0,7.2,,,,,,,,,,,,,,,,,,,,,,,
111,,P93,7049.0,331580.0,Russian Mission,AEA-006,221.0,Alaska Village Electric Cooperative,072-0000,Russian Mission_grid,0.0,1.0,True,0.842,1.0,Electric Utility,1.0,7.2,,,61.785,-161.32028,,,,,,,,,,,,,,,,,,,
112,,P94,6343.0,331620.0,Shageluk,AEA-006,221.0,Alaska Village Electric Cooperative,079-0000,Shageluk_grid,0.0,1.0,False,0.41000000000000003,1.0,Electric Utility,1.0,7.2,,,62.68222,-159.56194,OP,,,,,,,,,,,,,,,,,,
113,,P95,6344.0,331630.0,Shaktoolik,AEA-006,221.0,Alaska Village Electric Cooperative,080-0000,Shaktoolik_grid,0.0,1.0,True,0.8,1.0,Electric Utility,1.0,7.2,,,64.33389,-161.15389,OP,,,,,,,,,,,,,,,,,,
114,,P96,,331685.0,Teller,AEA-006,221.0,Alaska Village Electric Cooperative,085-0000,Teller_grid,0.0,1.0,False,0.75,1.0,Electric Utility,1.0,7.2,,,65.26361,-166.36083,OP,,,,,,,,,,,,,,,,,,
115,,P96,,332620.0,Teller,AEA-006,221.0,Alaska Village Electric Cooperative,085-0000,Teller_grid,0.0,1.0,False,0.75,1.0,Electric Utility,1.0,7.2,,,65.26361,-166.36083,OP,,,,,,,,,,,,,,,,,,
116,,P97,6350.0,331710.0,Tununak,AEA-006,221.0,Alaska Village Electric Cooperative,088-2008,Toksook Bay_grid,0.0,1.0,False,0.34400000000000003,1.0,Electric Utility,1.0,7.2,,,60.58513,-165.25549,,,,,,,,,,,,,,,,,,,
117,,P98,6351.0,331730.0,Wales,AEA-006,221.0,Alaska Village Electric Cooperative,090-0000,Wales_grid,0.0,1.0,False,0.5720000000000001,1.0,Electric Utility,1.0,7.2,,,65.60917,-168.0875,OP,,,,,,,,,,,,,,,,,,
118,,P99,6321.0,331430.0,Lower Kalskag,AEA-006,221.0,Alaska Village Electric Cooperative,052-2005,Upper Kalskag_grid,0.0,1.0,False,,,,,,,,,,,,,,,,,,,,,,,,,,,,
119,,P100,,331740.0,Karluk,AEA-007,,Alutiiq Power Company,092-0000,Karluk_grid,0.0,1.0,False,0.12,1.0,Electric Utility,1.0,,,,57.57021,-154.45433,OP,,,,,,,,,,,,,,,,,,
120,,P281,54222.0,,Alyeska Seafoods,AEA-161,431.0,Alyeska Seafoods Inc,,,0.0,0.0,,,,,,,,,,,,,,,,,,,,,,,,,,,,,
121,,P101,75.0,,Anchorage 1,AEA-109,599.0,Anchorage Municipal Light and Power,215-1985,Railbelt_grid,1.0,0.0,False,77.9,1.0,Electric Utility,1.0,115.0, ,,61.2221,-149.8661,OP,,,,,,,,,,,,,,,,,,
122,,P102,77.0,,Eklutna Hydro Project,AEA-109,599.0,Anchorage Municipal Light and Power,215-1985,Railbelt_grid,1.0,0.0,False,44.4,1.0,Electric Utility,1.0,115.0, ,,61.475211,-149.15009,OP,,,,,,,,,,,,,,,,,,
123,,P103,6559.0,,George M Sullivan Generation Plant 2,AEA-109,599.0,Anchorage Municipal Light and Power,215-1985,Railbelt_grid,1.0,0.0,False,346.9,1.0,Electric Utility,1.0,115.0, ,,61.229713,-149.716744,OP,,,,,,,,,,,,,,,,,,
124,,P104,,,AWWU Conduit,AEA-109,599.0,Anchorage Municipal Light and Power,215-1985,Railbelt_grid,0.0,0.0,False,,1.0,Electric Utility,1.0,115.0,,,,,,,,,,,,,,,,,,,,,,,
125,,P105,7182.0,331760.0,Aniak,AEA-009,4959.0,Aniak Light & Power,093-0000,Aniak_grid,1.0,1.0,False,1.7,1.0,Electric Utility,1.0,2.4, ,,61.580678,-159.535643,OP,,,,,,,,,,,,,,,,,,
126,,P106,,331770.0,Arctic Village,AEA-010,,Arctic Village Electric Company,094-0000,Arctic Village_grid,0.0,1.0,True,0.395,1.0,Electric Utility,1.0,7.2,,,,,OP,,,,,,,,,,,,,,,,,,
127,,P107,,331750.0,Atka,AEA-011,,"Atka, City of",095-0000,Atka_grid,0.0,1.0,True,0.257,1.0,Electric Utility,1.0,7.2,,,52.19611,-174.20056,OP,,,,,,,,,,,,,,,,,,
128,,P108,,331780.0,Atmautluak,AEA-012,,Atmautluak Tribal Utilities,096-0000,Atmautluak_grid,0.0,1.0,True,1.104,1.0,Electric Utility,1.0,7.2,,,60.86694,-162.27306,OP,,,,,,,,,,,,,,,,,,
129,,P109,79.0,,Aurora Energy LLC,AEA-114,986.0,Aurora Energy LLC,215-1985,Railbelt_grid,1.0,0.0,True,27.5,2.0,NAICS-22 Cogen,3.0,12.5, ,,64.847743,-147.735063,OP,,,,,,,,,,,,,,,,,,
130,,P110,7173.0,,Barrow,AEA-134,1276.0,Barrow Utilities & Electric Cooperative Inc.,221-0000,Utqiagvik_grid,1.0,0.0,False,20.3,1.0,Electric Utility,1.0,4.16, ,,71.292,-156.7786,OP,,,,,,,,,,,,,,,,,,
131,,P111,,331790.0,Beaver,AEA-013,,Beaver Joint Utilities,097-0000,Beaver_grid,0.0,1.0,True,0.492,1.0,Electric Utility,1.0,7.2,,,66.35944,-147.39639,OP,,,,,,,,,,,,,,,,,,
132,,P112,,331810.0,Birch Creek,AEA-015,,Birch Creek Electric Company,098-0000,Birch Creek_grid,0.0,1.0,False,0.028,1.0,Electric Utility,1.0,7.2,,,66.25619,-145.84967,OP,,,,,,,,,,,,,,,,,,
133,,P288,54155.0,,Lisburne Production Center,AEA-166,1388.0,BP Exploration Alaska,,,0.0,0.0,,,,,,,,,,,,,,,,,,,,,,,,,,,,,
134,,P113,,331820.0,Buckland,AEA-016,,"Buckland, City of",099-0000,Buckland_grid,0.0,1.0,True,1.127,1.0,Electric Utility,1.0,7.2,,,65.97972,-161.12306,OP,,,,,,,,,,,,,,,,,,
135,,P114,,331840.0,Chalkyitsik,AEA-019,,Chalkyitsik Village Council,100-0000,Chalkyitsik_grid,0.0,1.0,True,0.327,1.0,Electric Utility,1.0,7.2,,,66.65444,-143.72222,OP,,,,,,,,,,,,,,,,,,
136,,P115,,331850.0,Chenega Bay,AEA-020,,Chenega Ira Council,101-0000,Chenega_grid,0.0,1.0,True,0.198,1.0,Electric Utility,1.0,7.2,,,60.06571,-148.01038,OP,,,,,,,,,,,,,,,,,,
137,,P116,,331870.0,Chignik Lagoon,AEA-023,,Chignik Lagoon Power Utility,102-0000,Chignik Lagoon_grid,0.0,1.0,True,0.465,1.0,Electric Utility,1.0,7.2,,,56.30995,-158.53142,OP,,,,,,,,,,,,,,,,,,
138,,P117,,331880.0,Chignik Lake,AEA-022,,Chignik Lake Electric Utility,103-0000,Chignik Lake_grid,0.0,1.0,True,0.447,1.0,Electric Utility,1.0,7.2,,,,,OP,,,,,,,,,,,,,,,,,,
139,,P118,,331860.0,Chignik Bay,AEA-021,,"Chignik, City of",104-0000,Chignik_grid,0.0,1.0,True,0.577,1.0,Electric Utility,1.0,7.2,,,,,OP,,,,,,,,,,,,,,,,,,
140,,P119,,331890.0,Chitina,AEA-024,,Chitina Electric Inc,105-0000,Chitina_grid,0.0,1.0,True,0.35100000000000003,1.0,Electric Utility,1.0,7.2,,,61.51583,-144.43694,OP,,,,,,,,,,,,,,,,,,
141,,P120,96.0,,Beluga,AEA-132,3522.0,Chugach Electric Assn Inc,215-1985,Railbelt_grid,1.0,0.0,False,312.4,1.0,Electric Utility,1.0,138.0, ,,61.1861,-151.0356,,,,,,,,,,,,,,,,,,,
142,,P121,6291.0,,Cooper Lake,AEA-132,3522.0,Chugach Electric Assn Inc,215-1985,Railbelt_grid,1.0,0.0,False,19.4,1.0,Electric Utility,1.0,69.0, ,,60.392331,-149.665603,OP,,,,,,,,,,,,,,,,,,
143,,P122,6293.0,,International,AEA-132,3522.0,Chugach Electric Assn Inc,215-1985,Railbelt_grid,1.0,0.0,False,30.0,1.0,Electric Utility,1.0,138.0, ,,61.168972,-149.911038,OP,,,,,,,,,,,,,,,,,,
144,,P123,57036.0,,Southcentral Power Project,AEA-132,3522.0,Chugach Electric Assn Inc,215-1985,Railbelt_grid,1.0,0.0,False,203.9,1.0,Electric Utility,1.0,138.0, ,,61.167417,-149.905304,OP,,,,,,,,,,,,,,,,,,
145,,P124,,331900.0,Circle,AEA-025,,Circle Electric Utility,106-0000,Circle_grid,0.0,1.0,False,0.27,1.0,Electric Utility,1.0,2.4,,,65.82556,-144.06056,OP,,,,,,,,,,,,,,,,,,
146,,P125,,331910.0,Clark's Point,AEA-026,,"Clark's Point, City of",107-0000,Clark's Point_grid,0.0,1.0,True,0.446,1.0,Electric Utility,1.0,7.2,,,,,OP,,,,,,,,,,,,,,,,,,
147,,P290,54154.0,,Seawater Treatment Plant,AEA-169,14811.0,Conoco Phillips Alaska Inc,,,0.0,0.0,,,,,,,,,,,,,,,,,,,,,,,,,,,,,
148,,P126,58982.0,,Allison Creek Hydro,AEA-103,4329.0,"Copper Valley Elec Assn, Inc",216-1982,CopperValley_grid,1.0,0.0,False,6.5,1.0,Electric Utility,1.0,14.4,138,,61.084444,-146.353333,OP,,,,,,,,,,,,,,,,,,
149,,P127,6305.0,,Glennallen,AEA-103,4329.0,"Copper Valley Elec Assn, Inc",216-1982,CopperValley_grid,1.0,0.0,False,10.7,1.0,Electric Utility,1.0,138.0,14.4,,62.110415,-145.532529,OP,,,,,,,,,,,,,,,,,,
150,,P128,390.0,,Solomon Gulch,AEA-103,4329.0,"Copper Valley Elec Assn, Inc",216-1982,CopperValley_grid,1.0,0.0,False,12.0,1.0,Electric Utility,1.0,14.4,138,,61.0828,-146.3033,OP,,,,,,,,,,,,,,,,,,
151,,P129,6306.0,,Valdez,AEA-103,4329.0,"Copper Valley Elec Assn, Inc",216-1982,CopperValley_grid,1.0,0.0,False,8.2,1.0,Electric Utility,1.0,138.0,14.4,,61.1303,-146.3647,OP,,,,,,,,,,,,,,,,,,
152,,P130,7841.0,,Valdez Cogen,AEA-103,4329.0,"Copper Valley Elec Assn, Inc",216-1982,CopperValley_grid,1.0,0.0,True,5.3,1.0,Electric Utility,1.0,14.4,138,,61.0839,-146.2529,OP,,,,,,,,,,,,,,,,,,
153,,P131,62714.0,,Eyak Service Center BESS,AEA-027,40215.0,Cordova Electric Cooperative,014-1990,Cordova_grid,0.0,,False,,,Electric Utility,1.0,,,,60.54047,-145.74079,OP,,,,,,,,,,,,,,,,,,
154,,P132,7042.0,,Humpback Creek,AEA-027,40215.0,Cordova Electric Cooperative,014-1990,Cordova_grid,1.0,,False,1.2,1.0,Electric Utility,1.0,13.0, ,,60.612822,-145.679411,OP,,,,,,,,,,,,,,,,,,
155,,P133,789.0,,Orca,AEA-027,40215.0,Cordova Electric Cooperative,014-1990,Cordova_grid,1.0,,False,10.7,1.0,Electric Utility,1.0,13.0, ,,60.555889,-145.752983,OP,,,,,,,,,,,,,,,,,,
156,,P134,7862.0,,Power Creek,AEA-027,40215.0,Cordova Electric Cooperative,014-1990,Cordova_grid,1.0,,False,6.0,1.0,Electric Utility,1.0,13.0, ,,60.588686,-145.604539,OP,,,,,,,,,,,,,,,,,,
157,,P292,,331920.0,"Cordova, Eyak",AEA-027,40215.0,Cordova Electric Cooperative,014-1990,Cordova_grid,0.0,1.0,False,,1.0,Electric Utility,1.0,13.0,,,60.555889,-145.752983,OP,"Includes EIA: Orca, Humpback Creek, Power Creek, Eyak Service Center BESS",,,,,,,,,,,,,,,,,
158,,P135,,331930.0,Diomede,AEA-028,,Diomede Joint Utilities,110-0000,Diomede_grid,0.0,1.0,False,,1.0,Electric Utility,1.0,,,,65.758611,-168.953056,OP,,,,,,,,,,,,,,,,,,
159,,P136,54834.0,,Fort Greely Power Plant,AEA-116,19272.0,Doyon Utilities - Fort Greely,215-1985,Railbelt_grid,1.0,0.0,False,7.4,6.0,Commercial NAICS Non-Cogen,4.0,14.4, ,,63.973572,-145.716581,OP,,,,,,,,,,,,,,,,,,
160,,P137,50308.0,,Utility Plants Section,AEA-118,56389.0,Doyon Utilities - Fort Wainwright,215-1985,Railbelt_grid,1.0,0.0,True,20.0,1.0,Electric Utility,1.0,138.0, ,,64.825601,-147.648627,OP,,,,,,,,,,,,,,,,,,
161,,P138,58380.0,,JBER Landfill Gas Power Plant,AEA-122,58368.0,Doyon Utilities LLC,215-1985,Railbelt_grid,1.0,0.0,False,11.5,6.0,Commercial NAICS Non-Cogen,4.0,34.5, ,,61.286,-149.61,OP,,,,,,,,,,,,,,,,,,
162,,P139,7180.0,331940.0,Egegik,AEA-029,5553.0,Egegik Light & Power Co,111-0000,Egegik_grid,0.0,1.0,True,1.03,1.0,Electric Utility,1.0,7.2,,,58.21556,-157.37583,OP,,,,,,,,,,,,,,,,,,
163,,P140,,331960.0,Elfin Cove,AEA-031,,Elfin Cove Utility Commission,112-0000,Elfin Cove_grid,0.0,1.0,True,0.34700000000000003,1.0,Electric Utility,1.0,2.4,,,58.19444,-136.34333,OP,,,,,,,,,,,,,,,,,,
164,,P141,,331970.0,False Pass,AEA-032,,"False Pass, City of",113-0000,False Pass_grid,0.0,1.0,True,0.503,1.0,Electric Utility,1.0,7.2,,,54.85394,-163.40883,OP,,,,,,,,,,,,,,,,,,
165,,P142,58425.0,,Fire Island Wind,AEA-115,58422.0,Fire Island Wind LLC,215-1985,Railbelt_grid,1.0,0.0,False,18.0,7.0,NAICS-22 Non-Cogen,2.0,34.5, ,,61.13,-150.243611,OP,,,,,,,,,,,,,,,,,,
166,,P143,,331980.0,Cold Bay,AEA-034,,G & K Inc,114-0000,Cold Bay_grid,0.0,1.0,False,2.595,1.0,Electric Utility,1.0,7.2,,,55.18583,-162.72111,OP,,,,,,,,,,,,,,,,,,
167,,P144,7437.0,331990.0,Galena Electric Utility,AEA-033,6915.0,"Galena, City of",115-0000,Galena_grid,1.0,1.0,False,3.9,1.0,Electric Utility,1.0,4.16, ,,64.74417,-156.8736,OP,,,,,,,,,,,,,,,,,,
168,,P145,,331830.0,Central,AEA-139,,Gold Country Energy,116-0000,Central_grid,0.0,1.0,True,0.34500000000000003,1.0,Electric Utility,1.0,7.2,,,65.5725,-144.80306,OP,,,,,,,,,,,,,,,,,,
169,,P146,57583.0,,Battery Energy Storage System,AEA-104,7353.0,Golden Valley Elec Assn Inc,215-1985,Railbelt_grid,1.0,0.0,False,40.0,1.0,Electric Utility,1.0,138.0, ,,64.8167,-147.725,OP,,,,,,,,,,,,,,,,,,
170,,P147,56325.0,,Delta Power,AEA-104,7353.0,Golden Valley Elec Assn Inc,215-1985,Railbelt_grid,1.0,0.0,False,23.1,1.0,Electric Utility,1.0,138.0, ,,64.028056,-145.719444,,,,,,,,,,,,,,,,,,,
171,,P148,57935.0,,Eva Creek Wind,AEA-104,7353.0,Golden Valley Elec Assn Inc,215-1985,Railbelt_grid,1.0,0.0,False,24.6,1.0,Electric Utility,1.0,138.0, ,,64.058333,-148.9,OP,,,,,,,,,,,,,,,,,,
172,,P149,6286.0,,Fairbanks,AEA-104,7353.0,Golden Valley Elec Assn Inc,215-1985,Railbelt_grid,1.0,0.0,False,42.2,1.0,Electric Utility,1.0,69.0, ,,64.854171,-147.719351,,,,,,,,,,,,,,,,,,,
173,,P150,6288.0,,Healy,AEA-104,7353.0,Golden Valley Elec Assn Inc,215-1985,Railbelt_grid,1.0,0.0,False,92.8,1.0,Electric Utility,1.0,138.0, ,,63.8542,-148.95,OP,,,,,,,,,,,,,,,,,,
174,,P151,6285.0,,North Pole,AEA-104,7353.0,Golden Valley Elec Assn Inc,215-1985,Railbelt_grid,1.0,0.0,False,181.0,1.0,Electric Utility,1.0,138.0, ,,64.7356,-147.3481,OP,,,,,,,,,,,,,,,,,,
175,,P152,,,GVEA Solar Farm,AEA-104,7353.0,Golden Valley Elec Assn Inc,215-1985,Railbelt_grid,0.0,0.0,False,,,,,,,,,,OP,,,,,,,,,,,,,,,,,,
176,,P279,55982.0,,Chena 6,AEA-104,7353.0,Golden Valley Elec Assn Inc,215-1985,Railbelt_grid,0.0,0.0,,,,,,,,,,,,,,,,,,,,,,,,,,,,,
177,,P153,,332000.0,Golovin,AEA-035,,Golovin Power Utilities,117-0000,Golovin_grid,0.0,1.0,True,0.72,1.0,Electric Utility,1.0,7.2,,,64.54333,-163.02917,OP,,,,,,,,,,,,,,,,,,
178,,P154,7174.0,332020.0,Gwitchyaa Zhee,AEA-037,7833.0,Gwitchyaa Zhee Utilities Company,119-0000,Fort Yukon_grid,1.0,1.0,True,3.4,1.0,Electric Utility,1.0,4.16, ,,66.566287,-145.253052,OP,,,,,,,,,,,,,,,,,,
179,,P293,59037.0,,Hiilangaay Hydro,AEA-159,60222.0,"Haida Energy, Inc.",023-2015,Prince of Wales Is._grid,1.0,0.0,False,5.0,1.0,Electric Utility,1.0,,,,,,,,,,,,,,,,,,,,,,,,
180,,P155,6292.0,,Bernice Lake,AEA-105,19558.0,Homer Electric Assn Inc,215-1985,Railbelt_grid,1.0,0.0,False,76.7,1.0,Electric Utility,1.0,69.0,115,,60.6935,-151.3874,OP,,,,,,,,,,,,,,,,,,
181,,P156,7367.0,,Bradley Lake,AEA-105,19558.0,Homer Electric Assn Inc,215-1985,Railbelt_grid,1.0,0.0,False,126.0,1.0,Electric Utility,1.0,115.0, ,,59.77862,-150.94015,OP,,,,,,,,,,,,,,,,,,
182,,P157,55966.0,,Nikiski Co-Generation,AEA-105,19558.0,Homer Electric Assn Inc,215-1985,Railbelt_grid,1.0,0.0,False,80.8,1.0,Electric Utility,1.0,115.0, ,,60.676539,-151.377713,OP,,,,,,,,,,,,,,,,,,
183,,P158,6283.0,,Seldovia,AEA-105,19558.0,Homer Electric Assn Inc,215-1985,Railbelt_grid,1.0,0.0,False,2.2,1.0,Electric Utility,1.0,12.4, ,,59.439542,-151.713439,,,,,,,,,,,,,,,,,,,
184,,P159,57206.0,,Soldotna,AEA-105,19558.0,Homer Electric Assn Inc,215-1985,Railbelt_grid,1.0,0.0,False,50.0,1.0,Electric Utility,1.0,115.0, ,,60.499444,-150.997222,OP,,,,,,,,,,,,,,,,,,
185,,P160,,332030.0,Hughes,AEA-038,,Hughes Power & Light,120-0000,Hughes_grid,0.0,1.0,True,0.365,1.0,Electric Utility,1.0,7.2,,,66.04889,-154.25556,OP,,,,,,,,,,,,,,,,,,
186,,P283,54883.0,,Bering Star,AEA-163,9183.0,Icicle Seafoods Inc,,,0.0,0.0,,,,,,,,,,,,,,,,,,,,,,,,,,,,,
187,,P161,,332040.0,Igiugig,AEA-039,,Igiugig Electric Company,121-0000,Igiugig_grid,0.0,1.0,True,0.201,1.0,Electric Utility,1.0,7.2,,,59.32778,-155.89472,OP,,,,,,,,,,,,,,,,,,
188,,P162,7183.0,332050.0,Newhalen,AEA-040,9188.0,"I-N-N Electric Coop, Inc",123-1983,Newhalen_grid,1.0,1.0,True,1.7,1.0,Electric Utility,1.0,2.5, ,,59.899054,-154.698735,OP,,,,,,,,,,,,,,,,,,
189,,P278,7466.0,331155.0,Klawock,AEA-041,18963.0,"Inside Passage Elec Coop, Inc",023-2015,Prince of Wales Is._grid,0.0,1.0,,,,,,,,,,,OP,,,,,,,,,,,,,,,,,,
190,,P163,7462.0,332650.0,Angoon,AEA-041,18963.0,"Inside Passage Elec Coop, Inc",125-0000,Angoon_grid,1.0,1.0,True,1.585,1.0,Electric Utility,1.0,12.47, ,,57.499166,-134.58614,OP,,,,,,,,,,,,,,,,,,
191,,P164,7463.0,332670.0,Hoonah,AEA-041,18963.0,"Inside Passage Elec Coop, Inc",128-0000,Hoonah_grid,1.0,1.0,True,3.0500000000000003,1.0,Electric Utility,1.0,12.47, ,,58.106432,-135.43074,OP,,,,,,,,,,,,,,,,,,
192,,P165,7464.0,332680.0,Kake,AEA-041,18963.0,"Inside Passage Elec Coop, Inc",129-0000,Kake_grid,1.0,1.0,False,3.1,1.0,Electric Utility,1.0,12.47, ,,56.962983,-133.922557,OP,,,,,,,,,,,,,,,,,,
193,,P166,7467.0,332660.0,Chilkat Valley,AEA-041,18963.0,"Inside Passage Elec Coop, Inc",032-1998,UpperLynnCanal_grid,0.0,1.0,False,0.6,1.0,Electric Utility,1.0,,,,,,OP,,,,,,,,,,,,,,,,,,
194,,P167,,332700.0,Klukwan,AEA-041,,"Inside Passage Elec Coop, Inc",032-1998,UpperLynnCanal_grid,0.0,1.0,False,,1.0,Electric Utility,1.0,,,,,,OP,,,,,,,,,,,,,,,,,,
195,,P168,,,10 Mile Creek,AEA-041,18963.0,"Inside Passage Elec Coop, Inc",032-1998,UpperLynnCanal_grid,0.0,,False,0.6,1.0,Electric Utility,1.0,,,,,,OP,,,,,,,,,,,,,,,,,,
196,,P169,,332060.0,Deering,AEA-042,,Ipnatchiaq Electric Company,130-0000,Deering_grid,0.0,1.0,True,0.577,1.0,Electric Utility,1.0,7.2,,,66.07497,-162.71274,OP,,,,,,,,,,,,,,,,,,
197,,P170,59027.0,,Mahoney Lake Hydroelectric,AEA-160,60223.0,Ketchikan Electric Company,217-2009,SEAPA_grid,0.0,0.0,False,,,Electric Utility,1.0,34.5,,,55.419444,-131.537778,,,,,,,,,,,,,,,,,,,
198,,P171,6580.0,,Beaver Falls,AEA-131,10210.0,Ketchikan Public Utilities,217-2009,SEAPA_grid,1.0,0.0,False,5.4,1.0,Electric Utility,1.0,34.5, ,,55.37975,-131.470269,OP,,,,,,,,,,,,,,,,,,
199,,P172,84.0,,Ketchikan,AEA-131,10210.0,Ketchikan Public Utilities,217-2009,SEAPA_grid,1.0,0.0,False,4.2,1.0,Electric Utility,1.0,34.5, ,,55.344641,-131.633425,,,,,,,,,,,,,,,,,,,
200,,P173,85.0,,S W Bailey,AEA-131,10210.0,Ketchikan Public Utilities,217-2009,SEAPA_grid,1.0,0.0,False,25.9,1.0,Electric Utility,1.0,34.5, ,,55.357397,-131.69696,,,,,,,,,,,,,,,,,,,
201,,P174,6581.0,,Silvis,AEA-131,10210.0,Ketchikan Public Utilities,217-2009,SEAPA_grid,1.0,0.0,False,2.1,1.0,Electric Utility,1.0,34.5, ,,55.381402,-131.517758,OP,,,,,,,,,,,,,,,,,,
202,,P175,70.0,,Swan Lake,AEA-131,10210.0,Ketchikan Public Utilities,217-2009,SEAPA_grid,1.0,0.0,False,22.6,6.0,Commercial NAICS Non-Cogen,4.0,115.0,115,,55.615208,-131.356111,OP,,,,,,,,,,,,,,,,,,
203,,P176,58977.0,,Whitman,AEA-131,10210.0,Ketchikan Public Utilities,217-2009,SEAPA_grid,1.0,0.0,False,4.8,1.0,Electric Utility,1.0,34.5, ,,55.328056,-131.530833,OP,,,,,,,,,,,,,,,,,,
204,,P177,7493.0,332070.0,King Cove,AEA-043,9897.0,"King Cove, City of",131-0000,King Cove_grid,1.0,1.0,True,2.6,1.0,Electric Utility,1.0,480.0, ,,55.061683,-162.3103,OP,,,,,,,,,,,,,,,,,,
205,,P178,,332080.0,Kipnuk,AEA-044,,Kipnuk Light Plant,132-0000,Kipnuk_grid,0.0,1.0,,1.05,1.0,Electric Utility,1.0,,,,59.93889,-164.04139,OP,,,,,,,,,,,,,,,,,,
206,,P179,,332090.0,Kobuk,AEA-045,,Kobuk Valley Electric Company,149-1980,Shungnak_grid,0.0,1.0,False,0.171,1.0,Electric Utility,1.0,7.2,,,,,OP,,,,,,,,,,,,,,,,,,
207,,P180,58405.0,,ESS Battery Microgrid,AEA-106,10433.0,Kodiak Electric Assn Inc,223-0000,Kodiak_grid,1.0,0.0,False,3.0,1.0,Electric Utility,1.0,12.47, ,,57.799167,-152.404167,OP,,,,,,,,,,,,,,,,,,
208,,P181,60563.0,,Flywheel Energy Storage System Microgrid,AEA-106,10433.0,Kodiak Electric Assn Inc,223-0000,Kodiak_grid,1.0,0.0,False,2.0,1.0,Electric Utility,1.0,12.47, ,,57.780114,-152.443783,OP,,,,,,,,,,,,,,,,,,
209,,P182,6281.0,,Kodiak Microgrid,AEA-106,10433.0,Kodiak Electric Assn Inc,223-0000,Kodiak_grid,1.0,0.0,False,18.3,1.0,Electric Utility,1.0,67.0, ,,57.789956,-152.396982,OP,,,,,,,,,,,,,,,,,,
210,,P183,7723.0,,Nymans Plant Microgrid,AEA-106,10433.0,Kodiak Electric Assn Inc,223-0000,Kodiak_grid,1.0,0.0,False,10.0,1.0,Electric Utility,1.0,67.0, ,,57.731608,-152.507044,,,,,,,,,,,,,,,,,,,
211,,P184,57187.0,,Pillar Mountain Wind Project Microgrid,AEA-106,10433.0,Kodiak Electric Assn Inc,223-0000,Kodiak_grid,1.0,0.0,False,9.0,1.0,Electric Utility,1.0,69.0, ,,57.7869,-152.4406,OP,,,,,,,,,,,,,,,,,,
212,,P185,6282.0,,Port Lions Microgrid,AEA-106,10433.0,Kodiak Electric Assn Inc,223-0000,Kodiak_grid,0.0,0.0,False,0.5,1.0,Electric Utility,1.0,12.47, ,,57.864775,-152.855441,,,,,,,,,,,,,,,,,,,
213,,P186,60250.0,,Swampy Acres Microgrid,AEA-106,10433.0,Kodiak Electric Assn Inc,223-0000,Kodiak_grid,1.0,0.0,False,8.4,1.0,Electric Utility,1.0,12.47, ,,57.77556,-152.48028,,,,,,,,,,,,,,,,,,,
214,,P187,71.0,,Terror Lake Microgrid,AEA-106,10433.0,Kodiak Electric Assn Inc,223-0000,Kodiak_grid,1.0,0.0,False,33.6,1.0,Electric Utility,1.0,138.0, ,,57.6861,-152.895,OP,,,,,,,,,,,,,,,,,,
215,,P188,,332100.0,Kokhanok,AEA-046,,Kokhanok Village Council,134-0000,Kokhanok_grid,0.0,1.0,True,0.452,1.0,Electric Utility,1.0,7.2,,,59.4416,-154.75514,OP,,,,,,,,,,,,,,,,,,
216,,P189,6304.0,332130.0,Kotzebue,AEA-048,10451.0,Kotzebue Electric Association,135-0000,Kotzebue_grid,1.0,1.0,False,17.5,1.0,Electric Utility,1.0,7.2, ,,66.837778,-162.556944,OP,,,,,,,,,,,,,,,,,,
217,,P190,,332140.0,Koyukuk,AEA-049,,"Koyukuk, City of",136-0000,Koyukuk_grid,0.0,1.0,True,0.202,1.0,Electric Utility,1.0,7.2,,,64.88093,-157.70103,OP,,,,,,,,,,,,,,,,,,
218,,P191,,332150.0,Kwethluk,AEA-050,,Kwethluk Incorporated d/b/a Kuiggluum Kallugvia,137-0000,Kwethluk_grid,0.0,1.0,True,1.05,1.0,Electric Utility,1.0,7.2,,,60.81222,-161.43583,OP,,,,,,,,,,,,,,,,,,
219,,P192,,332160.0,Kwigillingok,AEA-051,,Kwigillingok Power Company,138-0000,Kwigillingok_grid,0.0,1.0,True,1.07,1.0,Electric Utility,1.0,7.2,,,59.86393,-163.13322,OP,,,,,,,,,,,,,,,,,,
220,,P193,,332170.0,Larsen Bay,AEA-052,,Larsen Bay Utility Company,139-0000,Larsen Bay_grid,0.0,1.0,True,0.34,1.0,Electric Utility,1.0,7.2,,,57.53854,-153.97844,OP,,,,,,,,,,,,,,,,,,
221,,P194,,332180.0,Levelock,AEA-053,,Levelock Electrical Coop,140-0000,Levelock_grid,0.0,1.0,True,0.267,1.0,Electric Utility,1.0,7.2,,,59.115,-156.85667,OP,,,,,,,,,,,,,,,,,,
222,,P195,,332190.0,Lime Village,AEA-054,,Lime Village Electric Utility,141-0000,Lime Village_grid,0.0,1.0,False,,1.0,Electric Utility,1.0,,,,61.35639,-155.43556,OP,,,,,,,,,,,,,,,,,,
223,,P253,7171.0,332200.0,Manley,,11591.0,Manley Utility Co Inc,188-0000,Manley Hot Springs_grid,0.0,1.0,True,0.23600000000000002,1.0,Electric Utility,1.0,7.2,,,65.00111,-150.63389,OP,,,,,,,,,,,,,,,,,,
224,,P196,,332210.0,Manokotak,AEA-056,,Manokotak Power Company,142-0000,Manokotak_grid,0.0,1.0,True,0.8300000000000001,1.0,Electric Utility,1.0,7.2,,,58.98139,-159.05833,OP,,,,,,,,,,,,,,,,,,
225,,P197,58989.0,,Eklutna Generation Station,AEA-107,11824.0,Matanuska Electric Association,215-1985,Railbelt_grid,1.0,0.0,False,171.0,1.0,Electric Utility,1.0,115.0, ,,61.457778,-149.351389,OP,,,,,,,,,,,,,,,,,,
226,,P198,6555.0,332220.0,McGrath,AEA-057,12119.0,Mcgrath Light & Power,143-0000,McGrath_grid,1.0,1.0,True,2.2,1.0,Electric Utility,1.0,2.4, ,,62.95699,-155.594997,OP,,,,,,,,,,,,,,,,,,
227,,P199,7112.0,,Centennial,AEA-108,12385.0,Metlakatla Power & Light,225_0000,Metlakatla_grid,1.0,0.0,False,5.1,1.0,Electric Utility,1.0,12.47, ,,55.121433,-131.560267,OP,,,,,,,,,,,,,,,,,,
228,,P200,7168.0,,Chester Lake,AEA-108,12385.0,Metlakatla Power & Light,225_0000,Metlakatla_grid,1.0,0.0,False,1.3,1.0,Electric Utility,1.0,12.47, ,,55.116879,-131.545879,OP,,,,,,,,,,,,,,,,,,
229,,P201,6302.0,,Purple Lake,AEA-108,12385.0,Metlakatla Power & Light,225_0000,Metlakatla_grid,1.0,0.0,False,3.9,1.0,Electric Utility,1.0,12.47, ,,55.091263,-131.544978,OP,,,,,,,,,,,,,,,,,,
230,,P202,,332230.0,Chuathbaluk,AEA-058,,Middle Kuskokwim Electric,144-0000,Chuathbaluk_grid,0.0,1.0,False,0.167,1.0,Electric Utility,1.0,7.2,,,61.57194,-159.245,OP,,,,,,,,,,,,,,,,,,
231,,P203,,332240.0,Crooked Creek,AEA-058,,Middle Kuskokwim Electric,145-0000,Crooked Creek_grid,0.0,1.0,True,0.259,1.0,Electric Utility,1.0,7.2,,,61.87,-158.11083,OP,,,,,,,,,,,,,,,,,,
232,,P204,,332250.0,Red Devil,AEA-058,,Middle Kuskokwim Electric,146-0000,Red Devil_grid,0.0,1.0,False,0.092,1.0,Electric Utility,1.0,7.2,,,61.76111,-157.3125,OP,,,,,,,,,,,,,,,,,,
233,,P205,,332260.0,Sleetmute,AEA-058,,Middle Kuskokwim Electric,147-0000,Sleetmute_grid,0.0,1.0,True,0.338,1.0,Electric Utility,1.0,7.2,,,61.7025,-157.16972,OP,,,,,,,,,,,,,,,,,,
234,,P206,,332270.0,Stony River,AEA-058,,Middle Kuskokwim Electric,148-0000,Stony River_grid,0.0,1.0,True,0.166,1.0,Electric Utility,1.0,7.2,,,61.78306,-156.58806,OP,,,,,,,,,,,,,,,,,,
235,,P207,6301.0,332280.0,Naknek,AEA-059,13201.0,Naknek Electric Association,150-0000,Naknek_grid,1.0,1.0,True,9.9,1.0,Electric Utility,1.0,7.2, ,,58.730417,-157.007222,OP,,,,,,,,,,,,,,,,,,
236,,P208,,332290.0,Napakiak,AEA-060,,Napakiak Ircinraq,034-1988,Bethel_grid,0.0,1.0,False,0.25,1.0,Electric Utility,1.0,7.2,,,,,,,,,,,,,,,,,,,,,,,
237,,P209,,332300.0,Napaskiak,AEA-061,,Napaskiak Electric Utility,153-0000,Napaskiak_grid,0.0,1.0,False,0.5700000000000001,1.0,Electric Utility,1.0,7.2,,,60.70806,-161.76611,OP,,,,,,,,,,,,,,,,,,
238,,P210,,332310.0,Chefornak,AEA-062,,Naterkaq Light Plant (City of Chefornak),154-0000,Chefornak_grid,0.0,1.0,True,0.921,1.0,Electric Utility,1.0,7.2,,,60.16,-164.26583,OP,,,,,,,,,,,,,,,,,,
239,,P211,,332470.0,Perryville,AEA-073,,Native Village of Perryville,155-0000,Perryville_grid,0.0,1.0,True,0.41000000000000003,1.0,Electric Utility,1.0,7.2,,,55.91278,-159.14556,OP,,,,,,,,,,,,,,,,,,
240,,P212,,332320.0,Nelson Lagoon,AEA-063,,Nelson Lagoon Electrical Coop,156-0000,Nelson Lagoon_grid,0.0,1.0,False,0.3,1.0,Electric Utility,1.0,7.2,,,56.00194,-161.20278,OP,,,,,,,,,,,,,,,,,,
241,,P213,,332110.0,Koliganek,AEA-064,,New Koliganek Village Council,157-0000,Koliganek_grid,0.0,1.0,True,0.42,1.0,Electric Utility,1.0,7.2,,,59.72861,-157.28444,OP,,,,,,,,,,,,,,,,,,
242,,P214,,332330.0,Nikolai,AEA-065,,"Nikolai, City of",158-0000,Nikolai_grid,0.0,1.0,False,0.3,1.0,Electric Utility,1.0,7.2,,,,,OP,,,,,,,,,,,,,,,,,,
243,,P215,90.0,332340.0,Snake River,AEA-066,13642.0,Nome Joint Utility Systems,159-0000,Nome_grid,1.0,1.0,False,19.2,1.0,Electric Utility,1.0,4.0, ,,64.505331,-165.429814,OP,,,,,,,,,,,,,,,,,,
244,,P216,7487.0,332350.0,Anaktuvuk Pass,AEA-067,26616.0,North Slope Borough Power & Light,160-0000,Anaktuvuk Pass_grid,1.0,1.0,False,2.795,1.0,Electric Utility,1.0,4.16, ,,68.13795,-151.741017,OP,,,,,,,,,,,,,,,,,,
245,,P217,7482.0,332360.0,Atqasuk,AEA-067,26616.0,North Slope Borough Power & Light,161-0000,Atqasuk_grid,1.0,1.0,False,3.37,1.0,Electric Utility,1.0,4.16, ,,70.4826,-157.4252,OP,,,,,,,,,,,,,,,,,,
246,,P218,7483.0,332370.0,Kaktovik,AEA-067,26616.0,North Slope Borough Power & Light,162-0000,Kaktovik_grid,1.0,1.0,False,2.72,1.0,Electric Utility,1.0,4.16, ,,70.125617,-143.619033,OP,,,,,,,,,,,,,,,,,,
247,,P219,7484.0,332380.0,Nuiqsut,AEA-067,26616.0,North Slope Borough Power & Light,163-0000,Nuiqsut_grid,1.0,1.0,False,4.4,1.0,Electric Utility,1.0,4.16, ,,70.220565,-150.993492,OP,,,,,,,,,,,,,,,,,,
248,,P220,7485.0,332390.0,Point Hope,AEA-067,26616.0,North Slope Borough Power & Light,164-0000,Point Hope_grid,1.0,1.0,True,3.1,1.0,Electric Utility,1.0,4.16, ,,68.348424,-166.737211,OP,,,,,,,,,,,,,,,,,,
249,,P221,7486.0,332400.0,Point Lay,AEA-067,26616.0,North Slope Borough Power & Light,165-0000,Point Lay_grid,1.0,1.0,True,2.4,1.0,Electric Utility,1.0,4.16, ,,69.740833,-163.005833,OP,,,,,,,,,,,,,,,,,,
250,,P222,7488.0,332410.0,Wainwright,AEA-067,26616.0,North Slope Borough Power & Light,166-0000,Wainwright_grid,1.0,1.0,True,3.11,1.0,Electric Utility,1.0,12.47, ,,70.642877,-160.020461,OP,,,,,,,,,,,,,,,,,,
251,,P223,,332420.0,Nunam Iqua,AEA-068,,Nunam Iqua Electric Company,167-0000,Nunam Iqua_grid,0.0,1.0,True,0.84,1.0,Electric Utility,1.0,7.2,,,62.53361,-164.84111,OP,,,,,,,,,,,,,,,,,,
252,,P224,109.0,332430.0,Dillingham,AEA-069,13870.0,Nushagak Electric Cooperative,169-0000,Dillingham_grid,1.0,1.0,True,6.6,1.0,Electric Utility,1.0,12.0, ,,59.042914,-158.468597,OP,,,,,,,,,,,,,,,,,,
253,,P289,54871.0,,Offshore Systems,AEA-168,13972.0,Offshore Systems Inc,,,0.0,0.0,,,,,,,,,,,,,,,,,,,,,,,,,,,,,
254,,P282,54888.0,,American President Lines Ltd,AEA-162,14313.0,Ounalshka Corp,,,0.0,0.0,,,,,,,,,,,,,,,,,,,,,,,,,,,,,
255,,P225,,332440.0,Ouzinkie,AEA-070,,"Ouzinkie, City of",170-0000,Ouzinkie_grid,0.0,1.0,False,0.35100000000000003,1.0,Electric Utility,1.0,7.2,,,57.92361,-152.50222,OP,,,,,,,,,,,,,,,,,,
256,,P226,,,Dry Spruce Bay (Creek),AEA-150,,"PB Energy, Inc",,,0.0,0.0,False,,,,,,,,,,,,,,,,,,,,,,,,,,,,
257,,P227,,332450.0,Pedro Bay,AEA-071,,Pedro Bay Village Council,171-0000,Pedro Bay_grid,0.0,1.0,True,0.211,1.0,Electric Utility,1.0,,,,59.78722,-154.10611,OP,,,,,,,,,,,,,,,,,,
258,,P228,6702.0,332460.0,Pelican,AEA-072,29297.0,Pelican Utility,172-0000,Pelican_grid,1.0,1.0,False,1.7,1.0,Electric Utility,1.0,2.4, ,,57.957197,-136.220095,OP,,,,,,,,,,,,,,,,,,
259,,P287,50415.0,,King Cove,AEA-165,14852.0,Peter Pan Seafoods,131-0000,King Cove_grid,0.0,0.0,,,,,,,,,,,,,,,,,,,,,,,,,,,,,
260,,P229,91.0,,Blind Slough,AEA-110,14856.0,"Petersburg, City of",217-2009,SEAPA_grid,1.0,0.0,False,14.5,1.0,Electric Utility,1.0,24.9, ,,56.81104,-132.957091,,,,,,,,,,,,,,,,,,,
261,,P284,54151.0,,Central Production Facility 1,AEA-164,14956.0,Phillips Alaska Inc,,,0.0,0.0,,,,,,,,,,,,,,,,,,,,,,,,,,,,,
262,,P285,54152.0,,Central Production Facility 2,AEA-164,14956.0,Phillips Alaska Inc,,,0.0,0.0,,,,,,,,,,,,,,,,,,,,,,,,,,,,,
263,,P286,54153.0,,Central Production Facility 3,AEA-164,14956.0,Phillips Alaska Inc,,,0.0,0.0,,,,,,,,,,,,,,,,,,,,,,,,,,,,,
264,,P230,,332480.0,Pilot Point,AEA-074,,Pilot Point Electric Utility,173-0000,Pilot Point_grid,0.0,1.0,True,0.246,1.0,Electric Utility,1.0,7.2,,,57.56417,-157.57917,OP,,,,,,,,,,,,,,,,,,
265,,P231,,332490.0,Platinum,AEA-075,,"Platinum, City of",174-0000,Platinum_grid,0.0,1.0,True,0.14,1.0,Electric Utility,1.0,,,,59.01306,-161.81639,OP,,,,,,,,,,,,,,,,,,
266,,P232,,332500.0,Port Heiden,AEA-077,,Port Heiden Utilities,175-0000,Port Heiden_grid,0.0,1.0,True,0.369,1.0,Electric Utility,1.0,7.2,,,56.94839,-158.62902,OP,,,,,,,,,,,,,,,,,,
267,,P233,,332510.0,Kongiganak,AEA-078,,Puvurnaq Power Company,176-0000,Kongiganak_grid,0.0,1.0,True,0.84,1.0,Electric Utility,1.0,7.2,,,59.88,-163.054,OP,,,,,,,,,,,,,,,,,,
268,,P234,,332520.0,Rampart,AEA-079,,Rampart Village Council,177-0000,Rampart_grid,0.0,1.0,False,0.187,1.0,Electric Utility,1.0,7.2,,,65.505,-150.17,OP,,,,,,,,,,,,,,,,,,
269,,P235,,,Willow Solar,AEA-151,,Renewable IPP,215-1985,Railbelt_grid,0.0,0.0,False,,,,,,,,,,OP,,,,,,,,,,,,,,,,,,
270,,P236,,332530.0,Ruby,AEA-080,,"Ruby, City of",178-0000,Ruby_grid,0.0,1.0,True,0.464,1.0,Electric Utility,1.0,7.2,,,64.73944,-155.48694,OP,,,,,,,,,,,,,,,,,,
271,,P237,,332550.0,Saint George,AEA-082,,"Saint George, City of",179-0000,Saint George_grid,0.0,1.0,True,0.8,1.0,Electric Utility,1.0,7.2,,,56.6,-169.54167,OP,,,,,,,,,,,,,,,,,,
272,,P238,,332560.0,Saint Paul,AEA-083,,Saint Paul Municipal Electric,180-0000,Saint Paul_grid,0.0,1.0,True,2.92,1.0,Electric Utility,1.0,7.2,,,57.12222,-170.275,OP,,,,,,,,,,,,,,,,,,
273,,P239,92.0,,Seward,AEA-111,16955.0,"Seward, City of",215-1985,Railbelt_grid,1.0,0.0,False,15.6,1.0,Electric Utility,1.0,150.0, ,,60.130922,-149.43501,,,,,,,,,,,,,,,,,,,
274,,P280,7333.0,,Blue Lake Fish Valve,AEA-130,17271.0,"Sitka, City & Borough of",219-0000,Sitka_grid,0.0,0.0,False,15.9,1.0,Electric Utility,1.0,69.0, ,,57.0516,-135.2297,,,,,,,,,,,,,,,,,,,
275,,P240,93.0,,Blue Lake Hydro,AEA-130,17271.0,"Sitka, City & Borough of",219-0000,Sitka_grid,1.0,0.0,False,15.9,1.0,Electric Utility,1.0,69.0, ,,57.0516,-135.2297,OP,,,,,,,,,,,,,,,,,,
276,,P241,313.0,,Green Lake,AEA-130,17271.0,"Sitka, City & Borough of",219-0000,Sitka_grid,1.0,0.0,False,18.6,1.0,Electric Utility,1.0,69.0, ,,56.986284,-135.12275,OP,,,,,,,,,,,,,,,,,,
277,,P242,6801.0,,Jarvis Street,AEA-130,17271.0,"Sitka, City & Borough of",219-0000,Sitka_grid,1.0,0.0,False,25.6,1.0,Electric Utility,1.0,69.0, ,,57.0497,-135.3128,,,,,,,,,,,,,,,,,,,
278,,P243,,,South Fork Hydro (Eagle River),AEA-152,,"South Fork Hydro, LLC",215-1985,Railbelt_grid,0.0,0.0,False,,,,,,,,,,OP,,,,,,,,,,,,,,,,,,
279,,P244,61166.0,,Tyee Lake Hydroelectric Facility,AEA-124,60770.0,Southeast Alaska Power Agency,217-2009,SEAPA_grid,1.0,0.0,False,22.6,6.0,Commercial NAICS Non-Cogen,4.0,69.0,115,,56.216403,-131.504344,OP,,,,,,,,,,,,,,,,,,
280,,P245,,,Burnett River Hatchery,AEA-154,,SSRAA,,,0.0,0.0,False,,,,,,,,,,,,,,,,,,,,,,,,,,,,
281,,P246,,332570.0,Stevens Village,AEA-081,,Stevens Village Ira Council,181-0000,Stevens Village_grid,0.0,1.0,True,0.417,1.0,Electric Utility,1.0,7.2,,,66.00639,-149.09083,OP,,,,,,,,,,,,,,,,,,
282,,P247,,332580.0,Takotna,AEA-084,,Takotna Community Assoc Inc,182-0000,Takotna_grid,0.0,1.0,False,0.216,1.0,Electric Utility,1.0,7.2,,,62.98861,-156.06417,OP,,,,,,,,,,,,,,,,,,
283,,P248,,332590.0,Port Alsworth,AEA-085,,Tanalian Electric Cooperative,183-0000,Port Alsworth_grid,0.0,1.0,True,0.63,1.0,Electric Utility,1.0,7.2,,,60.2025,-154.31278,OP,,,,,,,,,,,,,,,,,,
284,,P249,,332600.0,Tanana,AEA-086,,Tanana Power Company Inc,184-0000,Tanana_grid,0.0,1.0,True,1.375,1.0,Electric Utility,1.0,2.4,,,65.17194,-152.07889,OP,,,,,,,,,,,,,,,,,,
285,,P250,,332610.0,Tatitlek,AEA-087,,Tatitlek Village Ira Council,185-0000,Tatitlek_grid,0.0,1.0,True,0.315,1.0,Electric Utility,1.0,,,,60.86472,-146.67861,OP,,,,,,,,,,,,,,,,,,
286,,P251,,331005.0,Adak,AEA-088,,TDX Adak Generating LLC,186-0000,Adak_grid,0.0,1.0,False,4.335,1.0,Electric Utility,1.0,2.4,,,51.8725,-176.62861,OP,,,,,,,,,,,,,,,,,,
287,,P252,,332540.0,Sand Point,AEA-089,63560.0,"Sand Point Generating, LLC",187-0000,Sand Point_grid,0.0,1.0,True,2.83,1.0,Electric Utility,1.0,7.2,,,55.33972,-160.49722,OP,,,,,,,,,,,,,,,,,,
288,,P253,,332200.0,Manley Hot Springs,AEA-090,,TDX Manley Generating LLC,188-0000,Manley Hot Springs_grid,0.0,1.0,True,0.23600000000000002,1.0,Electric Utility,1.0,7.2,,,65.00111,-150.63389,OP,,,,,,,,,,,,,,,,,,
289,,P254,58278.0,,TNSG North Plant,AEA-117,19277.0,TDX North Slope Generating Company,224_0000,Deadhorse_grid,1.0,0.0,False,25.7,1.0,Electric Utility,1.0,12.47,4.16,,70.235278,-148.383611,OP,,,,,,,,,,,,,,,,,,
290,,P255,58117.0,,TNSG South Plant,AEA-117,19277.0,TDX North Slope Generating Company,224_0000,Deadhorse_grid,1.0,0.0,False,7.8,1.0,Electric Utility,1.0,12.47,4.16,,70.2,-148.466667,OP,,,,,,,,,,,,,,,,,,
291,,P256,,332630.0,Tenakee Springs,AEA-092,,"Tenakee Springs, City of",189-0000,Tenakee Springs_grid,0.0,1.0,False,0.24,1.0,Electric Utility,1.0,7.2,,,57.78083,-135.21889,OP,,,,,,,,,,,,,,,,,,
292,,P257,52184.0,,Tesoro Kenai Cogeneration Plant,AEA-125,18617.0,Tesoro Alaska Company LLC,215-1985,Railbelt_grid,1.0,0.0,True,8.6,4.0,Industrial NAICS Cogen,7.0,25.0, ,,60.677,-151.3815,,,,,,,,,,,,,,,,,,,
293,,P258,,332710.0,Tuluksak,AEA-093,,Tuluksak Traditional,190-0000,Tuluksak_grid,0.0,1.0,False,0.3,1.0,Electric Utility,1.0,7.2,,,61.1025,-160.96167,OP,,,,,,,,,,,,,,,,,,
294,,P259,,332720.0,Tuntutuliak,AEA-094,,Tuntutuliak Community,191-0000,Tuntutuliak_grid,0.0,1.0,True,0.975,1.0,Electric Utility,1.0,7.2,,,60.34306,-162.66306,OP,,,,,,,,,,,,,,,,,,
295,,P260,,332730.0,Twin Hills,AEA-095,,Twin Hills Village Council,192-0000,Twin Hills_grid,0.0,1.0,False,0.22,1.0,Electric Utility,1.0,,,,59.07917,-160.275,,,,,,,,,,,,,,,,,,,
296,,P261,,332740.0,Nikolski,AEA-096,,Umnak Power Company,193-0000,Nikolski_grid,0.0,1.0,True,0.196,1.0,Electric Utility,1.0,7.2,,,52.93806,-168.86778,,,,,,,,,,,,,,,,,,,
297,,P262,6299.0,332850.0,Unalakleet,AEA-098,40548.0,Unalakleet Valley Electric Cooperative,194-0000,Unalakleet_grid,1.0,1.0,True,1.9000000000000001,1.0,Electric Utility,1.0,4.0, ,,63.876789,-160.790414,OP,,,,,,,,,,,,,,,,,,
298,,P263,7502.0,,Dutch Harbor,AEA-097,19454.0,"Unalaska, City of",195-0000,Unalaska_grid,1.0,,True,21.9,1.0,Electric Utility,1.0,4.16, ,,53.892459,-166.538185,OP,,,,,,,,,,,,,,,,,,
299,,P264,7503.0,,Unalaska Power Module,AEA-097,19454.0,"Unalaska, City of",195-0000,Unalaska_grid,1.0,,True,1.1,1.0,Electric Utility,1.0,4.16, ,,53.863993,-166.512591,OP,,,,,,,,,,,,,,,,,,
300,,P291,,332860.0,Unalaska,AEA-097,19454.0,"Unalaska, City of",195-0000,Unalaska_grid,0.0,1.0,True,1.1,1.0,Electric Utility,1.0,,,,53.863993,-166.512591,OP,Inlcudes EIA Unalaska Power Module and Dutch Harbor,,,,,,,,,,,,,,,,,
301,,P265,,332870.0,Newtok,AEA-099,,Ungusraq Power Company,196-0000,Newtok_grid,0.0,1.0,True,0.27,1.0,Electric Utility,1.0,,,,60.94278,-164.62944,OP,,,,,,,,,,,,,,,,,,
302,,P266,54422.0,,Unisea G 2,AEA-126,19553.0,Unisea Inc,195-0000,Unalaska_grid,1.0,0.0,False,17.5,5.0,Industrial NAICS Non-Cogen,6.0,12.4, ,,53.8796,-166.5532,OP,,,,,,,,,,,,,,,,,,
303,,P267,50711.0,,University of Alaska Fairbanks,AEA-127,19511.0,University of Alaska,215-1985,Railbelt_grid,1.0,0.0,True,22.6,3.0,Commercial NAICS Cogen,5.0,69.0, ,,64.854171,-147.822075,OP,,,,,,,,,,,,,,,,,,
304,,P268,50392.0,,Eielson AFB Central Heat & Power Plant,AEA-120,22199.0,U S Air Force-Eielson AFB,215-1985,Railbelt_grid,1.0,0.0,True,33.5,3.0,Commercial NAICS Cogen,5.0,7.2, ,,64.67141,-147.075988,OP,,,,,,,,,,,,,,,,,,
305,,P270,,332880.0,Venetie,AEA-100,,Venetie Village Electric,197-0000,Venetie_grid,0.0,1.0,True,0.495,1.0,Electric Utility,1.0,7.2,,,67.01389,-146.41861,OP,,,,,,,,,,,,,,,,,,
306,,P271,54305.0,,Westward Seafoods,AEA-128,20523.0,Westward Seafoods Inc,195-0000,Unalaska_grid,1.0,0.0,True,6.6,4.0,Industrial NAICS Cogen,7.0,4.16, ,,53.858508,-166.55288,OP,,,,,,,,,,,,,,,,,,
307,,P272,,332890.0,White Mountain,AEA-101,,"White Mountain, City of",198-0000,WhiteMountain_grid,0.0,1.0,True,,1.0,Electric Utility,1.0,7.2,,,64.68139,-163.40556,OP,,,,,,,,,,,,,,,,,,
308,,P273,95.0,,Wrangell,AEA-135,21015.0,"Wrangell, City of",217-2009,SEAPA_grid,1.0,0.0,True,8.5,1.0,Electric Utility,1.0,12.47, ,,56.460976,-132.379439,,,,,,,,,,,,,,,,,,,
309,,P269,,,Ivanof Bay,,,,,,0.0,0.0,False,0.224,,,,7.2,,,,,,,,,,,,,,,,,,,,,,,
310,,P274,,,Jetty Lake (West Side Hydro),,,,,,0.0,0.0,False,,,,,,,,,,,,,,,,,,,,,,,,,,,,
311,,P275,,,Marathon Hydro,,,,,,0.0,0.0,False,,,,,,,,,,,,,,,,,,,,,,,,,,,,
312,,P276,,,McRoberts Creek,,,,,,0.0,0.0,False,,,,,,,,,,,,,,,,,,,,,,,,,,,,
313,,P277,,,Tin City,,,,,,0.0,0.0,False,,,,,,,,,,,,,,,,,,,,,,,,,,,,
314,,P298,,,Juniper Creek Hydroetlectric,,,Juniper Creek Hydroelectric Project,,Railbelt_grid,,,,,,,,,,,,,OP,,,,,,,,,,,,,,,,,,
315,,P296,,,Chugach Storage,AEA-132,3522.0,Chugach Electric Assn Inc,215-1985,Railbelt_grid,,,,,,,,,,,,,OP,,,,,,,,,,,,,,,,,,0.0
316,,P297,,,TDX Saint Paul Wind,AEA-155,,TDX Corporation,180-0000,Saint Paul_grid,0.0,0.0,False,,1.0,Electric Utility,1.0,,,,,,OP,,,,,,,,,,,,,,,,,,
